catalogue_key,make,model_group,generation_name,chassis_platform_code,production_start_year,production_end_year,year_basis,scope_note,bg_market_evidence,bg_market_catalogue_source_url,bg_market_context_source_url,technical_source_name,technical_source_url,priority,priority_reason,confidence,local_confirmation_required,source_checked_on
volkswagen__golf__golf-iv__1j-1j1-1j5,Volkswagen,Golf,Golf IV,1J (1J1/1J5),1997,2006,"European market, year-level precision; where included body styles overlap, use the earliest start and latest end year within this row's scope.","European Golf hatchback and Variant. Golf Plus, Sportsvan, and Cabriolet are excluded. Match body style and year by OE number or VIN.",MEGAPARTS has a generation- and body-based Volkswagen used-parts catalogue. Volkswagen held about 14.5% of Bulgarian used-vehicle registrations in 2025 and ranked first in the MVR-derived fleet data; Golf and Passat were specifically identified as common models.,https://www.megaparts.bg/products/avtochasti/volkswagen/golf-iv-variant,https://automedia.investor.bg/a/2-novini/63923-eto-nay-tarsenite-koli-na-staro-v-balgariya-prez-2025,Volkswagen Newsroom - Golf model history/archive,https://www.volkswagen-newsroom.com/en/the-new-golf-international-vehicle-presentation-5609/the-history-of-the-golf-5625,P0,Launch core: high Bulgarian fleet or used-registration presence with clear generation-level local used-parts supply.,high,false,2026-09-07
volkswagen__golf__golf-v__1k-1k1-1k5,Volkswagen,Golf,Golf V,1K (1K1/1K5),2003,2009,"European market, year-level precision; where included body styles overlap, use the earliest start and latest end year within this row's scope.","European Golf hatchback and Variant. Golf Plus, Sportsvan, and Cabriolet are excluded. Match body style and year by OE number or VIN.",MEGAPARTS has a generation- and body-based Volkswagen used-parts catalogue. Volkswagen held about 14.5% of Bulgarian used-vehicle registrations in 2025 and ranked first in the MVR-derived fleet data; Golf and Passat were specifically identified as common models.,https://www.megaparts.bg/products/avtochasti/volkswagen/golf-iv-variant,https://automedia.investor.bg/a/2-novini/63923-eto-nay-tarsenite-koli-na-staro-v-balgariya-prez-2025,Volkswagen Newsroom - Golf model history/archive,https://www.volkswagen-newsroom.com/en/the-new-golf-international-vehicle-presentation-5609/the-history-of-the-golf-5625,P0,Launch core: high Bulgarian fleet or used-registration presence with clear generation-level local used-parts supply.,high,false,2026-09-07
volkswagen__golf__golf-vi__5k-aj-5k1-aj5,Volkswagen,Golf,Golf VI,5K/AJ (5K1/AJ5),2008,2013,"European market, year-level precision; where included body styles overlap, use the earliest start and latest end year within this row's scope.","European Golf hatchback and Variant. Golf Plus, Sportsvan, and Cabriolet are excluded. Match body style and year by OE number or VIN.",MEGAPARTS has a generation- and body-based Volkswagen used-parts catalogue. Volkswagen held about 14.5% of Bulgarian used-vehicle registrations in 2025 and ranked first in the MVR-derived fleet data; Golf and Passat were specifically identified as common models.,https://www.megaparts.bg/products/avtochasti/volkswagen/golf-iv-variant,https://automedia.investor.bg/a/2-novini/63923-eto-nay-tarsenite-koli-na-staro-v-balgariya-prez-2025,Volkswagen Newsroom - Golf model history/archive,https://www.volkswagen-newsroom.com/en/the-new-golf-international-vehicle-presentation-5609/the-history-of-the-golf-5625,P0,Launch core: high Bulgarian fleet or used-registration presence with clear generation-level local used-parts supply.,high,false,2026-09-07
volkswagen__golf__golf-vii__5g-ba-5g1-ba5,Volkswagen,Golf,Golf VII,5G/BA (5G1/BA5),2012,2020,"European market, year-level precision; where included body styles overlap, use the earliest start and latest end year within this row's scope.","European Golf hatchback and Variant. Golf Plus, Sportsvan, and Cabriolet are excluded. Match body style and year by OE number or VIN.",MEGAPARTS has a generation- and body-based Volkswagen used-parts catalogue. Volkswagen held about 14.5% of Bulgarian used-vehicle registrations in 2025 and ranked first in the MVR-derived fleet data; Golf and Passat were specifically identified as common models.,https://www.megaparts.bg/products/avtochasti/volkswagen/golf-iv-variant,https://automedia.investor.bg/a/2-novini/63923-eto-nay-tarsenite-koli-na-staro-v-balgariya-prez-2025,Volkswagen Newsroom - Golf model history/archive,https://www.volkswagen-newsroom.com/en/the-new-golf-international-vehicle-presentation-5609/the-history-of-the-golf-5625,P0,Launch core: high Bulgarian fleet or used-registration presence with clear generation-level local used-parts supply.,high,false,2026-09-07
volkswagen__passat__b5-pre-facelift__3b-3b2-3b5,Volkswagen,Passat,B5 (pre-facelift),3B (3B2/3B5),1996,2000,"European market, year-level precision; where included body styles overlap, use the earliest start and latest end year within this row's scope.","European sedan and Variant. CC and Alltrack are excluded. B5.5 is an operational parts-market split, not a separate full OEM generation.",MEGAPARTS has a generation- and body-based Volkswagen used-parts catalogue. Volkswagen held about 14.5% of Bulgarian used-vehicle registrations in 2025 and ranked first in the MVR-derived fleet data; Golf and Passat were specifically identified as common models.,https://www.megaparts.bg/products/avtochasti/volkswagen/golf-iv-variant,https://automedia.investor.bg/a/2-novini/63923-eto-nay-tarsenite-koli-na-staro-v-balgariya-prez-2025,Volkswagen Newsroom - Passat model archive,https://www.volkswagen-newsroom.com/en/passat-b5-19962005-19546,P1,"Include in v1: stable local used-parts supply or fleet presence, but rank below the highest-volume core models.",medium,true,2026-09-07
volkswagen__passat__b5-5-facelift-operational-split__3bg-3b3-3b6,Volkswagen,Passat,B5.5 (facelift; operational split),3BG (3B3/3B6),2000,2005,"European market, year-level precision; where included body styles overlap, use the earliest start and latest end year within this row's scope.","European sedan and Variant. CC and Alltrack are excluded. B5.5 is an operational parts-market split, not a separate full OEM generation.",MEGAPARTS has a generation- and body-based Volkswagen used-parts catalogue. Volkswagen held about 14.5% of Bulgarian used-vehicle registrations in 2025 and ranked first in the MVR-derived fleet data; Golf and Passat were specifically identified as common models.,https://www.megaparts.bg/products/avtochasti/volkswagen/golf-iv-variant,https://automedia.investor.bg/a/2-novini/63923-eto-nay-tarsenite-koli-na-staro-v-balgariya-prez-2025,Volkswagen Newsroom - Passat model archive,https://www.volkswagen-newsroom.com/en/passat-b5-19962005-19546,P0,Launch core: high Bulgarian fleet or used-registration presence with clear generation-level local used-parts supply.,medium,true,2026-09-07
volkswagen__passat__b6__3c-3c2-3c5,Volkswagen,Passat,B6,3C (3C2/3C5),2005,2010,"European market, year-level precision; where included body styles overlap, use the earliest start and latest end year within this row's scope.","European sedan and Variant. CC and Alltrack are excluded. B5.5 is an operational parts-market split, not a separate full OEM generation.",MEGAPARTS has a generation- and body-based Volkswagen used-parts catalogue. Volkswagen held about 14.5% of Bulgarian used-vehicle registrations in 2025 and ranked first in the MVR-derived fleet data; Golf and Passat were specifically identified as common models.,https://www.megaparts.bg/products/avtochasti/volkswagen/golf-iv-variant,https://automedia.investor.bg/a/2-novini/63923-eto-nay-tarsenite-koli-na-staro-v-balgariya-prez-2025,Volkswagen Newsroom - Passat model archive,https://www.volkswagen-newsroom.com/en/passat-17451,P0,Launch core: high Bulgarian fleet or used-registration presence with clear generation-level local used-parts supply.,high,false,2026-09-07
volkswagen__passat__b7__3c-362-365,Volkswagen,Passat,B7,3C (362/365),2010,2014,"European market, year-level precision; where included body styles overlap, use the earliest start and latest end year within this row's scope.","European sedan and Variant. CC and Alltrack are excluded. B5.5 is an operational parts-market split, not a separate full OEM generation.",MEGAPARTS has a generation- and body-based Volkswagen used-parts catalogue. Volkswagen held about 14.5% of Bulgarian used-vehicle registrations in 2025 and ranked first in the MVR-derived fleet data; Golf and Passat were specifically identified as common models.,https://www.megaparts.bg/products/avtochasti/volkswagen/golf-iv-variant,https://automedia.investor.bg/a/2-novini/63923-eto-nay-tarsenite-koli-na-staro-v-balgariya-prez-2025,Volkswagen Newsroom - Passat model archive,https://www.volkswagen-newsroom.com/en/passat-17451,P0,Launch core: high Bulgarian fleet or used-registration presence with clear generation-level local used-parts supply.,high,false,2026-09-07
volkswagen__passat__b8__3g-3g2-3g5,Volkswagen,Passat,B8,3G (3G2/3G5),2014,2023,"European market, year-level precision; where included body styles overlap, use the earliest start and latest end year within this row's scope.","European sedan and Variant. CC and Alltrack are excluded. B5.5 is an operational parts-market split, not a separate full OEM generation.",MEGAPARTS has a generation- and body-based Volkswagen used-parts catalogue. Volkswagen held about 14.5% of Bulgarian used-vehicle registrations in 2025 and ranked first in the MVR-derived fleet data; Golf and Passat were specifically identified as common models.,https://www.megaparts.bg/products/avtochasti/volkswagen/golf-iv-variant,https://automedia.investor.bg/a/2-novini/63923-eto-nay-tarsenite-koli-na-staro-v-balgariya-prez-2025,Volkswagen Newsroom - Passat model archive,https://www.volkswagen-newsroom.com/en/passat-17451,P0,Launch core: high Bulgarian fleet or used-registration presence with clear generation-level local used-parts supply.,high,false,2026-09-07
volkswagen__polo__polo-iii__6n-6n1-6n2,Volkswagen,Polo,Polo III,6N (6N1/6N2),1994,2001,"European market, year-level precision; where included body styles overlap, use the earliest start and latest end year within this row's scope.","European hatchback. Polo Classic, Variant, and regional sedans are excluded.",MEGAPARTS has a generation- and body-based Volkswagen used-parts catalogue. Volkswagen held about 14.5% of Bulgarian used-vehicle registrations in 2025 and ranked first in the MVR-derived fleet data; Golf and Passat were specifically identified as common models.,https://www.megaparts.bg/products/avtochasti/volkswagen/golf-iv-variant,https://automedia.investor.bg/a/2-novini/63923-eto-nay-tarsenite-koli-na-staro-v-balgariya-prez-2025,Volkswagen Newsroom - Polo model archive,https://www.volkswagen-newsroom.com/en/polo-3-19942001-19147,P2,"Low-priority retention: older generation, thinner supply, or a naming/body boundary that should be validated against local inventory.",high,false,2026-09-07
volkswagen__polo__polo-iv__9n-9n1-9n3,Volkswagen,Polo,Polo IV,9N (9N1/9N3),2001,2009,"European market, year-level precision; where included body styles overlap, use the earliest start and latest end year within this row's scope.","European hatchback. Polo Classic, Variant, and regional sedans are excluded.",MEGAPARTS has a generation- and body-based Volkswagen used-parts catalogue. Volkswagen held about 14.5% of Bulgarian used-vehicle registrations in 2025 and ranked first in the MVR-derived fleet data; Golf and Passat were specifically identified as common models.,https://www.megaparts.bg/products/avtochasti/volkswagen/golf-iv-variant,https://automedia.investor.bg/a/2-novini/63923-eto-nay-tarsenite-koli-na-staro-v-balgariya-prez-2025,Volkswagen Newsroom - Polo model archive,https://www.volkswagen-newsroom.com/en/polo-iv-20012009-19150,P1,"Include in v1: stable local used-parts supply or fleet presence, but rank below the highest-volume core models.",high,false,2026-09-07
volkswagen__polo__polo-v__6r-6c,Volkswagen,Polo,Polo V,6R/6C,2009,2017,"European market, year-level precision; where included body styles overlap, use the earliest start and latest end year within this row's scope.","European hatchback. Polo Classic, Variant, and regional sedans are excluded.",MEGAPARTS has a generation- and body-based Volkswagen used-parts catalogue. Volkswagen held about 14.5% of Bulgarian used-vehicle registrations in 2025 and ranked first in the MVR-derived fleet data; Golf and Passat were specifically identified as common models.,https://www.megaparts.bg/products/avtochasti/volkswagen/golf-iv-variant,https://automedia.investor.bg/a/2-novini/63923-eto-nay-tarsenite-koli-na-staro-v-balgariya-prez-2025,Volkswagen Newsroom - Polo model archive,https://www.volkswagen-newsroom.com/en/polo-5-20092017-20044,P1,"Include in v1: stable local used-parts supply or fleet presence, but rank below the highest-volume core models.",high,false,2026-09-07
volkswagen__touran__touran-i__1t-1t1-1t2-1t3,Volkswagen,Touran,Touran I,1T (1T1/1T2/1T3),2003,2015,"European market, year-level precision; where included body styles overlap, use the earliest start and latest end year within this row's scope.",The first-generation 1T type codes are kept under one OEM generation. Do not assume exterior-part compatibility across facelifts.,MEGAPARTS has a generation- and body-based Volkswagen used-parts catalogue. Volkswagen held about 14.5% of Bulgarian used-vehicle registrations in 2025 and ranked first in the MVR-derived fleet data; Golf and Passat were specifically identified as common models.,https://www.megaparts.bg/products/avtochasti/volkswagen/golf-iv-variant,https://automedia.investor.bg/a/2-novini/63923-eto-nay-tarsenite-koli-na-staro-v-balgariya-prez-2025,Volkswagen Newsroom - Touran I archive,https://www.volkswagen-newsroom.com/en/engine-versions-touran-1-profile-19721,P1,"Include in v1: stable local used-parts supply or fleet presence, but rank below the highest-volume core models.",medium,true,2026-09-07
volkswagen__tiguan__tiguan-i__5n,Volkswagen,Tiguan,Tiguan I,5N,2007,2016,"European market, year-level precision; where included body styles overlap, use the earliest start and latest end year within this row's scope.",European short-wheelbase model. Do not assume body-part compatibility with the second-generation Allspace/BW2.,MEGAPARTS has a generation- and body-based Volkswagen used-parts catalogue. Volkswagen held about 14.5% of Bulgarian used-vehicle registrations in 2025 and ranked first in the MVR-derived fleet data; Golf and Passat were specifically identified as common models.,https://www.megaparts.bg/products/avtochasti/volkswagen/golf-iv-variant,https://automedia.investor.bg/a/2-novini/63923-eto-nay-tarsenite-koli-na-staro-v-balgariya-prez-2025,Volkswagen Newsroom - Tiguan history,https://www.volkswagen-newsroom.com/en/tiguan-6611,P1,"Include in v1: stable local used-parts supply or fleet presence, but rank below the highest-volume core models.",high,false,2026-09-07
volkswagen__tiguan__tiguan-ii__ad1-bw2-allspace-separate-fitment,Volkswagen,Tiguan,Tiguan II,AD1 (BW2 Allspace separate fitment),2016,2024,"European market, year-level precision; where included body styles overlap, use the earliest start and latest end year within this row's scope.",European short-wheelbase model. Do not assume body-part compatibility with the second-generation Allspace/BW2.,MEGAPARTS has a generation- and body-based Volkswagen used-parts catalogue. Volkswagen held about 14.5% of Bulgarian used-vehicle registrations in 2025 and ranked first in the MVR-derived fleet data; Golf and Passat were specifically identified as common models.,https://www.megaparts.bg/products/avtochasti/volkswagen/golf-iv-variant,https://automedia.investor.bg/a/2-novini/63923-eto-nay-tarsenite-koli-na-staro-v-balgariya-prez-2025,Volkswagen Newsroom - Tiguan history,https://www.volkswagen-newsroom.com/en/tiguan-6611,P1,"Include in v1: stable local used-parts supply or fleet presence, but rank below the highest-volume core models.",high,false,2026-09-07
mercedes-benz__c-class__w202-s202__w202-s202,Mercedes-Benz,C-Class,W202/S202,W202/S202,1993,2001,"European market, year-level precision; where included body styles overlap, use the earliest start and latest end year within this row's scope.","Core sedan and estate generation. SportCoupe, coupe, and cabriolet fitment must be handled by their exact chassis/body codes.",MEGAPARTS separates Mercedes-Benz used parts by W/S/C chassis series. Mercedes-Benz held about 12% of Bulgarian used-vehicle registrations in 2025 and ranked third in the MVR-derived fleet data.,https://www.megaparts.bg/products/avtochasti/mercedes-benz/cla-class-sedan-c118,https://automedia.investor.bg/a/2-novini/63923-eto-nay-tarsenite-koli-na-staro-v-balgariya-prez-2025,Mercedes-Benz Public Archive - model series archive,https://mercedes-benz-publicarchive.com/,P2,"Low-priority retention: older generation, thinner supply, or a naming/body boundary that should be validated against local inventory.",high,false,2026-09-07
mercedes-benz__c-class__w203-s203__w203-s203,Mercedes-Benz,C-Class,W203/S203,W203/S203,2000,2007,"European market, year-level precision; where included body styles overlap, use the earliest start and latest end year within this row's scope.","Core sedan and estate generation. SportCoupe, coupe, and cabriolet fitment must be handled by their exact chassis/body codes.",MEGAPARTS separates Mercedes-Benz used parts by W/S/C chassis series. Mercedes-Benz held about 12% of Bulgarian used-vehicle registrations in 2025 and ranked third in the MVR-derived fleet data.,https://www.megaparts.bg/products/avtochasti/mercedes-benz/cla-class-sedan-c118,https://automedia.investor.bg/a/2-novini/63923-eto-nay-tarsenite-koli-na-staro-v-balgariya-prez-2025,Mercedes-Benz Public Archive - model series archive,https://mercedes-benz-publicarchive.com/,P0,Launch core: high Bulgarian fleet or used-registration presence with clear generation-level local used-parts supply.,high,false,2026-09-07
mercedes-benz__c-class__w204-s204__w204-s204,Mercedes-Benz,C-Class,W204/S204,W204/S204,2007,2014,"European market, year-level precision; where included body styles overlap, use the earliest start and latest end year within this row's scope.","Core sedan and estate generation. SportCoupe, coupe, and cabriolet fitment must be handled by their exact chassis/body codes.",MEGAPARTS separates Mercedes-Benz used parts by W/S/C chassis series. Mercedes-Benz held about 12% of Bulgarian used-vehicle registrations in 2025 and ranked third in the MVR-derived fleet data.,https://www.megaparts.bg/products/avtochasti/mercedes-benz/cla-class-sedan-c118,https://automedia.investor.bg/a/2-novini/63923-eto-nay-tarsenite-koli-na-staro-v-balgariya-prez-2025,Mercedes-Benz Public Archive - model series archive,https://mercedes-benz-publicarchive.com/,P0,Launch core: high Bulgarian fleet or used-registration presence with clear generation-level local used-parts supply.,high,false,2026-09-07
mercedes-benz__c-class__w205-s205__w205-s205,Mercedes-Benz,C-Class,W205/S205,W205/S205,2014,2021,"European market, year-level precision; where included body styles overlap, use the earliest start and latest end year within this row's scope.","Core sedan and estate generation. SportCoupe, coupe, and cabriolet fitment must be handled by their exact chassis/body codes.",MEGAPARTS separates Mercedes-Benz used parts by W/S/C chassis series. Mercedes-Benz held about 12% of Bulgarian used-vehicle registrations in 2025 and ranked third in the MVR-derived fleet data.,https://www.megaparts.bg/products/avtochasti/mercedes-benz/cla-class-sedan-c118,https://automedia.investor.bg/a/2-novini/63923-eto-nay-tarsenite-koli-na-staro-v-balgariya-prez-2025,Mercedes-Benz Public Archive - model series archive,https://mercedes-benz-publicarchive.com/,P0,Launch core: high Bulgarian fleet or used-registration presence with clear generation-level local used-parts supply.,high,false,2026-09-07
mercedes-benz__e-class__w210-s210__w210-s210,Mercedes-Benz,E-Class,W210/S210,W210/S210,1995,2003,"European market, year-level precision; where included body styles overlap, use the earliest start and latest end year within this row's scope.",Core sedan and estate models using W/S codes. C/A-series coupe and cabriolet models are excluded.,MEGAPARTS separates Mercedes-Benz used parts by W/S/C chassis series. Mercedes-Benz held about 12% of Bulgarian used-vehicle registrations in 2025 and ranked third in the MVR-derived fleet data.,https://www.megaparts.bg/products/avtochasti/mercedes-benz/cla-class-sedan-c118,https://automedia.investor.bg/a/2-novini/63923-eto-nay-tarsenite-koli-na-staro-v-balgariya-prez-2025,Mercedes-Benz Public Archive - model series archive,https://mercedes-benz-publicarchive.com/,P1,"Include in v1: stable local used-parts supply or fleet presence, but rank below the highest-volume core models.",high,false,2026-09-07
mercedes-benz__e-class__w211-s211__w211-s211,Mercedes-Benz,E-Class,W211/S211,W211/S211,2002,2009,"European market, year-level precision; where included body styles overlap, use the earliest start and latest end year within this row's scope.",Core sedan and estate models using W/S codes. C/A-series coupe and cabriolet models are excluded.,MEGAPARTS separates Mercedes-Benz used parts by W/S/C chassis series. Mercedes-Benz held about 12% of Bulgarian used-vehicle registrations in 2025 and ranked third in the MVR-derived fleet data.,https://www.megaparts.bg/products/avtochasti/mercedes-benz/cla-class-sedan-c118,https://automedia.investor.bg/a/2-novini/63923-eto-nay-tarsenite-koli-na-staro-v-balgariya-prez-2025,Mercedes-Benz Public Archive - model series archive,https://mercedes-benz-publicarchive.com/,P0,Launch core: high Bulgarian fleet or used-registration presence with clear generation-level local used-parts supply.,high,false,2026-09-07
mercedes-benz__e-class__w212-s212__w212-s212,Mercedes-Benz,E-Class,W212/S212,W212/S212,2009,2016,"European market, year-level precision; where included body styles overlap, use the earliest start and latest end year within this row's scope.",Core sedan and estate models using W/S codes. C/A-series coupe and cabriolet models are excluded.,MEGAPARTS separates Mercedes-Benz used parts by W/S/C chassis series. Mercedes-Benz held about 12% of Bulgarian used-vehicle registrations in 2025 and ranked third in the MVR-derived fleet data.,https://www.megaparts.bg/products/avtochasti/mercedes-benz/cla-class-sedan-c118,https://automedia.investor.bg/a/2-novini/63923-eto-nay-tarsenite-koli-na-staro-v-balgariya-prez-2025,Mercedes-Benz Public Archive - model series archive,https://mercedes-benz-publicarchive.com/,P0,Launch core: high Bulgarian fleet or used-registration presence with clear generation-level local used-parts supply.,high,false,2026-09-07
mercedes-benz__e-class__w213-s213__w213-s213,Mercedes-Benz,E-Class,W213/S213,W213/S213,2016,2023,"European market, year-level precision; where included body styles overlap, use the earliest start and latest end year within this row's scope.",Core sedan and estate models using W/S codes. C/A-series coupe and cabriolet models are excluded.,MEGAPARTS separates Mercedes-Benz used parts by W/S/C chassis series. Mercedes-Benz held about 12% of Bulgarian used-vehicle registrations in 2025 and ranked third in the MVR-derived fleet data.,https://www.megaparts.bg/products/avtochasti/mercedes-benz/cla-class-sedan-c118,https://automedia.investor.bg/a/2-novini/63923-eto-nay-tarsenite-koli-na-staro-v-balgariya-prez-2025,Mercedes-Benz Public Archive - model series archive,https://mercedes-benz-publicarchive.com/,P1,"Include in v1: stable local used-parts supply or fleet presence, but rank below the highest-volume core models.",high,false,2026-09-07
mercedes-benz__a-class__w168__w168,Mercedes-Benz,A-Class,W168,W168,1997,2004,"European market, year-level precision; where included body styles overlap, use the earliest start and latest end year within this row's scope.",European hatchback. Long-wheelbase and regional sedans are excluded.,MEGAPARTS separates Mercedes-Benz used parts by W/S/C chassis series. Mercedes-Benz held about 12% of Bulgarian used-vehicle registrations in 2025 and ranked third in the MVR-derived fleet data.,https://www.megaparts.bg/products/avtochasti/mercedes-benz/cla-class-sedan-c118,https://automedia.investor.bg/a/2-novini/63923-eto-nay-tarsenite-koli-na-staro-v-balgariya-prez-2025,Mercedes-Benz Public Archive - model series archive,https://mercedes-benz-publicarchive.com/,P2,"Low-priority retention: older generation, thinner supply, or a naming/body boundary that should be validated against local inventory.",high,false,2026-09-07
mercedes-benz__a-class__w169__w169,Mercedes-Benz,A-Class,W169,W169,2004,2012,"European market, year-level precision; where included body styles overlap, use the earliest start and latest end year within this row's scope.",European hatchback. Long-wheelbase and regional sedans are excluded.,MEGAPARTS separates Mercedes-Benz used parts by W/S/C chassis series. Mercedes-Benz held about 12% of Bulgarian used-vehicle registrations in 2025 and ranked third in the MVR-derived fleet data.,https://www.megaparts.bg/products/avtochasti/mercedes-benz/cla-class-sedan-c118,https://automedia.investor.bg/a/2-novini/63923-eto-nay-tarsenite-koli-na-staro-v-balgariya-prez-2025,Mercedes-Benz Public Archive - model series archive,https://mercedes-benz-publicarchive.com/,P1,"Include in v1: stable local used-parts supply or fleet presence, but rank below the highest-volume core models.",high,false,2026-09-07
mercedes-benz__a-class__w176__w176,Mercedes-Benz,A-Class,W176,W176,2012,2018,"European market, year-level precision; where included body styles overlap, use the earliest start and latest end year within this row's scope.",European hatchback. Long-wheelbase and regional sedans are excluded.,MEGAPARTS separates Mercedes-Benz used parts by W/S/C chassis series. Mercedes-Benz held about 12% of Bulgarian used-vehicle registrations in 2025 and ranked third in the MVR-derived fleet data.,https://www.megaparts.bg/products/avtochasti/mercedes-benz/cla-class-sedan-c118,https://automedia.investor.bg/a/2-novini/63923-eto-nay-tarsenite-koli-na-staro-v-balgariya-prez-2025,Mercedes-Benz Public Archive - model series archive,https://mercedes-benz-publicarchive.com/,P1,"Include in v1: stable local used-parts supply or fleet presence, but rank below the highest-volume core models.",high,false,2026-09-07
mercedes-benz__m-class-gle__w163-m-class__w163,Mercedes-Benz,M-Class / GLE,W163 M-Class,W163,1997,2005,"European market, year-level precision; where included body styles overlap, use the earliest start and latest end year within this row's scope.",Only the W166 M-Class-to-GLE rename is grouped. W163 and W164 remain separate generations.,MEGAPARTS separates Mercedes-Benz used parts by W/S/C chassis series. Mercedes-Benz held about 12% of Bulgarian used-vehicle registrations in 2025 and ranked third in the MVR-derived fleet data.,https://www.megaparts.bg/products/avtochasti/mercedes-benz/cla-class-sedan-c118,https://automedia.investor.bg/a/2-novini/63923-eto-nay-tarsenite-koli-na-staro-v-balgariya-prez-2025,Mercedes-Benz Public Archive - model series archive,https://mercedes-benz-publicarchive.com/,P2,"Low-priority retention: older generation, thinner supply, or a naming/body boundary that should be validated against local inventory.",high,false,2026-09-07
mercedes-benz__m-class-gle__w164-m-class__w164,Mercedes-Benz,M-Class / GLE,W164 M-Class,W164,2005,2011,"European market, year-level precision; where included body styles overlap, use the earliest start and latest end year within this row's scope.",Only the W166 M-Class-to-GLE rename is grouped. W163 and W164 remain separate generations.,MEGAPARTS separates Mercedes-Benz used parts by W/S/C chassis series. Mercedes-Benz held about 12% of Bulgarian used-vehicle registrations in 2025 and ranked third in the MVR-derived fleet data.,https://www.megaparts.bg/products/avtochasti/mercedes-benz/cla-class-sedan-c118,https://automedia.investor.bg/a/2-novini/63923-eto-nay-tarsenite-koli-na-staro-v-balgariya-prez-2025,Mercedes-Benz Public Archive - model series archive,https://mercedes-benz-publicarchive.com/,P1,"Include in v1: stable local used-parts supply or fleet presence, but rank below the highest-volume core models.",high,false,2026-09-07
mercedes-benz__m-class-gle__w166-m-class-gle__w166,Mercedes-Benz,M-Class / GLE,W166 M-Class / GLE,W166,2011,2019,"European market, year-level precision; where included body styles overlap, use the earliest start and latest end year within this row's scope.",Only the W166 M-Class-to-GLE rename is grouped. W163 and W164 remain separate generations.,MEGAPARTS separates Mercedes-Benz used parts by W/S/C chassis series. Mercedes-Benz held about 12% of Bulgarian used-vehicle registrations in 2025 and ranked third in the MVR-derived fleet data.,https://www.megaparts.bg/products/avtochasti/mercedes-benz/cla-class-sedan-c118,https://automedia.investor.bg/a/2-novini/63923-eto-nay-tarsenite-koli-na-staro-v-balgariya-prez-2025,Mercedes-Benz Public Archive - model series archive,https://mercedes-benz-publicarchive.com/,P1,"Include in v1: stable local used-parts supply or fleet presence, but rank below the highest-volume core models.",medium,true,2026-09-07
bmw__3-series__e46__e46,BMW,3 Series,E46,E46,1997,2006,"European market, year-level precision; where included body styles overlap, use the earliest start and latest end year within this row's scope.","Sedan, estate, coupe, and cabriolet use separate chassis codes. Do not assume body, glass, or interior compatibility across body styles.","MEGAPARTS classifies BMW used parts by E/F/G chassis codes. BMW held about 7.4% of Bulgarian used-vehicle registrations in 2025; 3 Series, 5 Series, and X5 appear in the local popular-model context.",https://www.megaparts.bg/products/avtochasti/bmw/3-series-e90-touring-e91,https://automedia.investor.bg/a/2-novini/63923-eto-nay-tarsenite-koli-na-staro-v-balgariya-prez-2025,BMW Group PressClub - official model and archive material,https://www.press.bmwgroup.com/global,P0,Launch core: high Bulgarian fleet or used-registration presence with clear generation-level local used-parts supply.,high,false,2026-09-07
bmw__3-series__e9x__e90-e91-e92-e93,BMW,3 Series,E9x,E90/E91/E92/E93,2004,2013,"European market, year-level precision; where included body styles overlap, use the earliest start and latest end year within this row's scope.","Sedan, estate, coupe, and cabriolet use separate chassis codes. Do not assume body, glass, or interior compatibility across body styles.","MEGAPARTS classifies BMW used parts by E/F/G chassis codes. BMW held about 7.4% of Bulgarian used-vehicle registrations in 2025; 3 Series, 5 Series, and X5 appear in the local popular-model context.",https://www.megaparts.bg/products/avtochasti/bmw/3-series-e90-touring-e91,https://automedia.investor.bg/a/2-novini/63923-eto-nay-tarsenite-koli-na-staro-v-balgariya-prez-2025,BMW Group PressClub - official model and archive material,https://www.press.bmwgroup.com/global,P0,Launch core: high Bulgarian fleet or used-registration presence with clear generation-level local used-parts supply.,high,false,2026-09-07
bmw__3-series__f3x__f30-f31-f34,BMW,3 Series,F3x,F30/F31/F34,2011,2020,"European market, year-level precision; where included body styles overlap, use the earliest start and latest end year within this row's scope.","Sedan, estate, coupe, and cabriolet use separate chassis codes. Do not assume body, glass, or interior compatibility across body styles.","MEGAPARTS classifies BMW used parts by E/F/G chassis codes. BMW held about 7.4% of Bulgarian used-vehicle registrations in 2025; 3 Series, 5 Series, and X5 appear in the local popular-model context.",https://www.megaparts.bg/products/avtochasti/bmw/3-series-e90-touring-e91,https://automedia.investor.bg/a/2-novini/63923-eto-nay-tarsenite-koli-na-staro-v-balgariya-prez-2025,BMW Group PressClub - official model and archive material,https://www.press.bmwgroup.com/global,P0,Launch core: high Bulgarian fleet or used-registration presence with clear generation-level local used-parts supply.,high,false,2026-09-07
bmw__5-series__e39__e39,BMW,5 Series,E39,E39,1995,2004,"European market, year-level precision; where included body styles overlap, use the earliest start and latest end year within this row's scope.",Multiple body styles use separate chassis codes. The F07 Gran Turismo requires an explicit body code because its parts differ substantially.,"MEGAPARTS classifies BMW used parts by E/F/G chassis codes. BMW held about 7.4% of Bulgarian used-vehicle registrations in 2025; 3 Series, 5 Series, and X5 appear in the local popular-model context.",https://www.megaparts.bg/products/avtochasti/bmw/3-series-e90-touring-e91,https://automedia.investor.bg/a/2-novini/63923-eto-nay-tarsenite-koli-na-staro-v-balgariya-prez-2025,BMW Group PressClub - 5 Series history in 2017 launch dossier,https://www.press.bmwgroup.com/ireland/article/detail/T0269296EN/the-new-2017-bmw-5-series-saloon?language=en,P1,"Include in v1: stable local used-parts supply or fleet presence, but rank below the highest-volume core models.",high,false,2026-09-07
bmw__5-series__e6x__e60-e61,BMW,5 Series,E6x,E60/E61,2003,2010,"European market, year-level precision; where included body styles overlap, use the earliest start and latest end year within this row's scope.",Multiple body styles use separate chassis codes. The F07 Gran Turismo requires an explicit body code because its parts differ substantially.,"MEGAPARTS classifies BMW used parts by E/F/G chassis codes. BMW held about 7.4% of Bulgarian used-vehicle registrations in 2025; 3 Series, 5 Series, and X5 appear in the local popular-model context.",https://www.megaparts.bg/products/avtochasti/bmw/3-series-e90-touring-e91,https://automedia.investor.bg/a/2-novini/63923-eto-nay-tarsenite-koli-na-staro-v-balgariya-prez-2025,BMW Group PressClub - 5 Series history in 2017 launch dossier,https://www.press.bmwgroup.com/ireland/article/detail/T0269296EN/the-new-2017-bmw-5-series-saloon?language=en,P0,Launch core: high Bulgarian fleet or used-registration presence with clear generation-level local used-parts supply.,high,false,2026-09-07
bmw__5-series__f1x__f10-f11-f07,BMW,5 Series,F1x,F10/F11/F07,2009,2017,"European market, year-level precision; where included body styles overlap, use the earliest start and latest end year within this row's scope.",Multiple body styles use separate chassis codes. The F07 Gran Turismo requires an explicit body code because its parts differ substantially.,"MEGAPARTS classifies BMW used parts by E/F/G chassis codes. BMW held about 7.4% of Bulgarian used-vehicle registrations in 2025; 3 Series, 5 Series, and X5 appear in the local popular-model context.",https://www.megaparts.bg/products/avtochasti/bmw/3-series-e90-touring-e91,https://automedia.investor.bg/a/2-novini/63923-eto-nay-tarsenite-koli-na-staro-v-balgariya-prez-2025,BMW Group PressClub - 5 Series history in 2017 launch dossier,https://www.press.bmwgroup.com/ireland/article/detail/T0269296EN/the-new-2017-bmw-5-series-saloon?language=en,P0,Launch core: high Bulgarian fleet or used-registration presence with clear generation-level local used-parts supply.,high,false,2026-09-07
bmw__5-series__g3x__g30-g31,BMW,5 Series,G3x,G30/G31,2016,2024,"European market, year-level precision; where included body styles overlap, use the earliest start and latest end year within this row's scope.",Multiple body styles use separate chassis codes. The F07 Gran Turismo requires an explicit body code because its parts differ substantially.,"MEGAPARTS classifies BMW used parts by E/F/G chassis codes. BMW held about 7.4% of Bulgarian used-vehicle registrations in 2025; 3 Series, 5 Series, and X5 appear in the local popular-model context.",https://www.megaparts.bg/products/avtochasti/bmw/3-series-e90-touring-e91,https://automedia.investor.bg/a/2-novini/63923-eto-nay-tarsenite-koli-na-staro-v-balgariya-prez-2025,BMW Group PressClub - 5 Series history in 2017 launch dossier,https://www.press.bmwgroup.com/ireland/article/detail/T0269296EN/the-new-2017-bmw-5-series-saloon?language=en,P1,"Include in v1: stable local used-parts supply or fleet presence, but rank below the highest-volume core models.",high,false,2026-09-07
bmw__x3__e83__e83,BMW,X3,E83,E83,2003,2010,"European market, year-level precision; where included body styles overlap, use the earliest start and latest end year within this row's scope.","European X3. M derivatives require separate powertrain, brake, suspension, and exterior fitment.","MEGAPARTS classifies BMW used parts by E/F/G chassis codes. BMW held about 7.4% of Bulgarian used-vehicle registrations in 2025; 3 Series, 5 Series, and X5 appear in the local popular-model context.",https://www.megaparts.bg/products/avtochasti/bmw/3-series-e90-touring-e91,https://automedia.investor.bg/a/2-novini/63923-eto-nay-tarsenite-koli-na-staro-v-balgariya-prez-2025,BMW Group PressClub - official model and archive material,https://www.press.bmwgroup.com/global,P1,"Include in v1: stable local used-parts supply or fleet presence, but rank below the highest-volume core models.",high,false,2026-09-07
bmw__x3__f25__f25,BMW,X3,F25,F25,2010,2017,"European market, year-level precision; where included body styles overlap, use the earliest start and latest end year within this row's scope.","European X3. M derivatives require separate powertrain, brake, suspension, and exterior fitment.","MEGAPARTS classifies BMW used parts by E/F/G chassis codes. BMW held about 7.4% of Bulgarian used-vehicle registrations in 2025; 3 Series, 5 Series, and X5 appear in the local popular-model context.",https://www.megaparts.bg/products/avtochasti/bmw/3-series-e90-touring-e91,https://automedia.investor.bg/a/2-novini/63923-eto-nay-tarsenite-koli-na-staro-v-balgariya-prez-2025,BMW Group PressClub - official model and archive material,https://www.press.bmwgroup.com/global,P1,"Include in v1: stable local used-parts supply or fleet presence, but rank below the highest-volume core models.",high,false,2026-09-07
bmw__x3__g01__g01,BMW,X3,G01,G01,2017,2024,"European market, year-level precision; where included body styles overlap, use the earliest start and latest end year within this row's scope.","European X3. M derivatives require separate powertrain, brake, suspension, and exterior fitment.","MEGAPARTS classifies BMW used parts by E/F/G chassis codes. BMW held about 7.4% of Bulgarian used-vehicle registrations in 2025; 3 Series, 5 Series, and X5 appear in the local popular-model context.",https://www.megaparts.bg/products/avtochasti/bmw/3-series-e90-touring-e91,https://automedia.investor.bg/a/2-novini/63923-eto-nay-tarsenite-koli-na-staro-v-balgariya-prez-2025,BMW Group PressClub - official model and archive material,https://www.press.bmwgroup.com/global,P1,"Include in v1: stable local used-parts supply or fleet presence, but rank below the highest-volume core models.",high,false,2026-09-07
bmw__x5__e53__e53,BMW,X5,E53,E53,1999,2006,"European market, year-level precision; where included body styles overlap, use the earliest start and latest end year within this row's scope.",European X5. X5 M and standard models require OE-number and powertrain-level matching.,"MEGAPARTS classifies BMW used parts by E/F/G chassis codes. BMW held about 7.4% of Bulgarian used-vehicle registrations in 2025; 3 Series, 5 Series, and X5 appear in the local popular-model context.",https://www.megaparts.bg/products/avtochasti/bmw/3-series-e90-touring-e91,https://automedia.investor.bg/a/2-novini/63923-eto-nay-tarsenite-koli-na-staro-v-balgariya-prez-2025,BMW Group PressClub - X5 generation history,https://www.press.bmwgroup.com/global/article/detail/T0239063EN/30-years-of-bmw-all-wheel-drive%3Afrom-the-bmw-325i-%E2%80%9Callrad%E2%80%9D-to-the-bmw-x5-xdrive40e?language=en,P1,"Include in v1: stable local used-parts supply or fleet presence, but rank below the highest-volume core models.",high,false,2026-09-07
bmw__x5__e70__e70,BMW,X5,E70,E70,2006,2013,"European market, year-level precision; where included body styles overlap, use the earliest start and latest end year within this row's scope.",European X5. X5 M and standard models require OE-number and powertrain-level matching.,"MEGAPARTS classifies BMW used parts by E/F/G chassis codes. BMW held about 7.4% of Bulgarian used-vehicle registrations in 2025; 3 Series, 5 Series, and X5 appear in the local popular-model context.",https://www.megaparts.bg/products/avtochasti/bmw/3-series-e90-touring-e91,https://automedia.investor.bg/a/2-novini/63923-eto-nay-tarsenite-koli-na-staro-v-balgariya-prez-2025,BMW Group PressClub - X5 generation history,https://www.press.bmwgroup.com/global/article/detail/T0239063EN/30-years-of-bmw-all-wheel-drive%3Afrom-the-bmw-325i-%E2%80%9Callrad%E2%80%9D-to-the-bmw-x5-xdrive40e?language=en,P1,"Include in v1: stable local used-parts supply or fleet presence, but rank below the highest-volume core models.",high,false,2026-09-07
bmw__x5__f15__f15-f85-x5-m-separate-fitment,BMW,X5,F15,F15 (F85 X5 M separate fitment),2013,2018,"European market, year-level precision; where included body styles overlap, use the earliest start and latest end year within this row's scope.",European X5. X5 M and standard models require OE-number and powertrain-level matching.,"MEGAPARTS classifies BMW used parts by E/F/G chassis codes. BMW held about 7.4% of Bulgarian used-vehicle registrations in 2025; 3 Series, 5 Series, and X5 appear in the local popular-model context.",https://www.megaparts.bg/products/avtochasti/bmw/3-series-e90-touring-e91,https://automedia.investor.bg/a/2-novini/63923-eto-nay-tarsenite-koli-na-staro-v-balgariya-prez-2025,BMW Group PressClub - X5 generation history,https://www.press.bmwgroup.com/global/article/detail/T0239063EN/30-years-of-bmw-all-wheel-drive%3Afrom-the-bmw-325i-%E2%80%9Callrad%E2%80%9D-to-the-bmw-x5-xdrive40e?language=en,P1,"Include in v1: stable local used-parts supply or fleet presence, but rank below the highest-volume core models.",high,false,2026-09-07
audi__a3__8l__8l,Audi,A3,8L,8L,1996,2003,"European market, year-level precision; where included body styles overlap, use the earliest start and latest end year within this row's scope.","European A3. Three-door, Sportback, sedan, and cabriolet body parts must be matched separately. S3 and RS3 are excluded from general compatibility.","MEGAPARTS classifies Audi used parts by identifiers such as 8L/8P/8V and B/C generations. Audi held about 7.1% of Bulgarian used-vehicle registrations in 2025; A3, A4, and A6 are common local used models.",https://www.megaparts.bg/products/avtochasti/audi/a4-avant-b8,https://automedia.investor.bg/a/2-novini/63923-eto-nay-tarsenite-koli-na-staro-v-balgariya-prez-2025,Audi MediaCenter - Audi Tradition/model archive,https://www.audi-mediacenter.com/en,P1,"Include in v1: stable local used-parts supply or fleet presence, but rank below the highest-volume core models.",high,false,2026-09-07
audi__a3__8p__8p,Audi,A3,8P,8P,2003,2013,"European market, year-level precision; where included body styles overlap, use the earliest start and latest end year within this row's scope.","European A3. Three-door, Sportback, sedan, and cabriolet body parts must be matched separately. S3 and RS3 are excluded from general compatibility.","MEGAPARTS classifies Audi used parts by identifiers such as 8L/8P/8V and B/C generations. Audi held about 7.1% of Bulgarian used-vehicle registrations in 2025; A3, A4, and A6 are common local used models.",https://www.megaparts.bg/products/avtochasti/audi/a4-avant-b8,https://automedia.investor.bg/a/2-novini/63923-eto-nay-tarsenite-koli-na-staro-v-balgariya-prez-2025,Audi MediaCenter - Audi Tradition/model archive,https://www.audi-mediacenter.com/en,P0,Launch core: high Bulgarian fleet or used-registration presence with clear generation-level local used-parts supply.,high,false,2026-09-07
audi__a3__8v__8v,Audi,A3,8V,8V,2012,2020,"European market, year-level precision; where included body styles overlap, use the earliest start and latest end year within this row's scope.","European A3. Three-door, Sportback, sedan, and cabriolet body parts must be matched separately. S3 and RS3 are excluded from general compatibility.","MEGAPARTS classifies Audi used parts by identifiers such as 8L/8P/8V and B/C generations. Audi held about 7.1% of Bulgarian used-vehicle registrations in 2025; A3, A4, and A6 are common local used models.",https://www.megaparts.bg/products/avtochasti/audi/a4-avant-b8,https://automedia.investor.bg/a/2-novini/63923-eto-nay-tarsenite-koli-na-staro-v-balgariya-prez-2025,Audi MediaCenter - Audi Tradition/model archive,https://www.audi-mediacenter.com/en,P0,Launch core: high Bulgarian fleet or used-registration presence with clear generation-level local used-parts supply.,high,false,2026-09-07
audi__a4__b5__8d,Audi,A4,B5,8D,1994,2001,"European market, year-level precision; where included body styles overlap, use the earliest start and latest end year within this row's scope.","Main A4 range only. S4 and RS4 are excluded from general powertrain, brake, and suspension compatibility. Match sedan, Avant, and cabriolet by type code.","MEGAPARTS classifies Audi used parts by identifiers such as 8L/8P/8V and B/C generations. Audi held about 7.1% of Bulgarian used-vehicle registrations in 2025; A3, A4, and A6 are common local used models.",https://www.megaparts.bg/products/avtochasti/audi/a4-avant-b8,https://automedia.investor.bg/a/2-novini/63923-eto-nay-tarsenite-koli-na-staro-v-balgariya-prez-2025,Audi MediaCenter - A4 history and model archive,https://www.audi-mediacenter.com/en/audi-a4-avant-25,P1,"Include in v1: stable local used-parts supply or fleet presence, but rank below the highest-volume core models.",high,false,2026-09-07
audi__a4__b6__8e-8h,Audi,A4,B6,8E/8H,2000,2006,"European market, year-level precision; where included body styles overlap, use the earliest start and latest end year within this row's scope.","Main A4 range only. S4 and RS4 are excluded from general powertrain, brake, and suspension compatibility. Match sedan, Avant, and cabriolet by type code.","MEGAPARTS classifies Audi used parts by identifiers such as 8L/8P/8V and B/C generations. Audi held about 7.1% of Bulgarian used-vehicle registrations in 2025; A3, A4, and A6 are common local used models.",https://www.megaparts.bg/products/avtochasti/audi/a4-avant-b8,https://automedia.investor.bg/a/2-novini/63923-eto-nay-tarsenite-koli-na-staro-v-balgariya-prez-2025,Audi MediaCenter - A4 history and model archive,https://www.audi-mediacenter.com/en/audi-a4-avant-25,P0,Launch core: high Bulgarian fleet or used-registration presence with clear generation-level local used-parts supply.,high,false,2026-09-07
audi__a4__b7__8e-8h,Audi,A4,B7,8E/8H,2004,2009,"European market, year-level precision; where included body styles overlap, use the earliest start and latest end year within this row's scope.","Main A4 range only. S4 and RS4 are excluded from general powertrain, brake, and suspension compatibility. Match sedan, Avant, and cabriolet by type code.","MEGAPARTS classifies Audi used parts by identifiers such as 8L/8P/8V and B/C generations. Audi held about 7.1% of Bulgarian used-vehicle registrations in 2025; A3, A4, and A6 are common local used models.",https://www.megaparts.bg/products/avtochasti/audi/a4-avant-b8,https://automedia.investor.bg/a/2-novini/63923-eto-nay-tarsenite-koli-na-staro-v-balgariya-prez-2025,Audi MediaCenter - A4 history and model archive,https://www.audi-mediacenter.com/en/audi-a4-avant-25,P0,Launch core: high Bulgarian fleet or used-registration presence with clear generation-level local used-parts supply.,high,false,2026-09-07
audi__a4__b8__8k,Audi,A4,B8,8K,2007,2016,"European market, year-level precision; where included body styles overlap, use the earliest start and latest end year within this row's scope.","Main A4 range only. S4 and RS4 are excluded from general powertrain, brake, and suspension compatibility. Match sedan, Avant, and cabriolet by type code.","MEGAPARTS classifies Audi used parts by identifiers such as 8L/8P/8V and B/C generations. Audi held about 7.1% of Bulgarian used-vehicle registrations in 2025; A3, A4, and A6 are common local used models.",https://www.megaparts.bg/products/avtochasti/audi/a4-avant-b8,https://automedia.investor.bg/a/2-novini/63923-eto-nay-tarsenite-koli-na-staro-v-balgariya-prez-2025,Audi MediaCenter - A4 history and model archive,https://www.audi-mediacenter.com/en/audi-a4-avant-25,P0,Launch core: high Bulgarian fleet or used-registration presence with clear generation-level local used-parts supply.,high,false,2026-09-07
audi__a4__b9__8w,Audi,A4,B9,8W,2015,2024,"European market, year-level precision; where included body styles overlap, use the earliest start and latest end year within this row's scope.","Main A4 range only. S4 and RS4 are excluded from general powertrain, brake, and suspension compatibility. Match sedan, Avant, and cabriolet by type code.","MEGAPARTS classifies Audi used parts by identifiers such as 8L/8P/8V and B/C generations. Audi held about 7.1% of Bulgarian used-vehicle registrations in 2025; A3, A4, and A6 are common local used models.",https://www.megaparts.bg/products/avtochasti/audi/a4-avant-b8,https://automedia.investor.bg/a/2-novini/63923-eto-nay-tarsenite-koli-na-staro-v-balgariya-prez-2025,Audi MediaCenter - A4 history and model archive,https://www.audi-mediacenter.com/en/audi-a4-avant-25,P1,"Include in v1: stable local used-parts supply or fleet presence, but rank below the highest-volume core models.",high,false,2026-09-07
audi__a6__c5__4b,Audi,A6,C5,4B,1997,2005,"European market, year-level precision; where included body styles overlap, use the earliest start and latest end year within this row's scope.","Main A6 range only. S6, RS6, and Allroad are excluded from general compatibility. Match sedan and Avant by body code.","MEGAPARTS classifies Audi used parts by identifiers such as 8L/8P/8V and B/C generations. Audi held about 7.1% of Bulgarian used-vehicle registrations in 2025; A3, A4, and A6 are common local used models.",https://www.megaparts.bg/products/avtochasti/audi/a4-avant-b8,https://automedia.investor.bg/a/2-novini/63923-eto-nay-tarsenite-koli-na-staro-v-balgariya-prez-2025,Audi MediaCenter - A6 model archive,https://www.audi-mediacenter.com/en/audi-a6-39,P1,"Include in v1: stable local used-parts supply or fleet presence, but rank below the highest-volume core models.",high,false,2026-09-07
audi__a6__c6__4f,Audi,A6,C6,4F,2004,2011,"European market, year-level precision; where included body styles overlap, use the earliest start and latest end year within this row's scope.","Main A6 range only. S6, RS6, and Allroad are excluded from general compatibility. Match sedan and Avant by body code.","MEGAPARTS classifies Audi used parts by identifiers such as 8L/8P/8V and B/C generations. Audi held about 7.1% of Bulgarian used-vehicle registrations in 2025; A3, A4, and A6 are common local used models.",https://www.megaparts.bg/products/avtochasti/audi/a4-avant-b8,https://automedia.investor.bg/a/2-novini/63923-eto-nay-tarsenite-koli-na-staro-v-balgariya-prez-2025,Audi MediaCenter - A6 model archive,https://www.audi-mediacenter.com/en/audi-a6-39,P0,Launch core: high Bulgarian fleet or used-registration presence with clear generation-level local used-parts supply.,high,false,2026-09-07
audi__a6__c7__4g,Audi,A6,C7,4G,2010,2018,"European market, year-level precision; where included body styles overlap, use the earliest start and latest end year within this row's scope.","Main A6 range only. S6, RS6, and Allroad are excluded from general compatibility. Match sedan and Avant by body code.","MEGAPARTS classifies Audi used parts by identifiers such as 8L/8P/8V and B/C generations. Audi held about 7.1% of Bulgarian used-vehicle registrations in 2025; A3, A4, and A6 are common local used models.",https://www.megaparts.bg/products/avtochasti/audi/a4-avant-b8,https://automedia.investor.bg/a/2-novini/63923-eto-nay-tarsenite-koli-na-staro-v-balgariya-prez-2025,Audi MediaCenter - A6 model archive,https://www.audi-mediacenter.com/en/audi-a6-39,P0,Launch core: high Bulgarian fleet or used-registration presence with clear generation-level local used-parts supply.,high,false,2026-09-07
audi__q5__q5-i__8r,Audi,Q5,Q5 I,8R,2008,2017,"European market, year-level precision; where included body styles overlap, use the earliest start and latest end year within this row's scope.",Main Q5 range only. SQ5 requires separate powertrain and brake fitment. Second-generation Sportback is excluded.,"MEGAPARTS classifies Audi used parts by identifiers such as 8L/8P/8V and B/C generations. Audi held about 7.1% of Bulgarian used-vehicle registrations in 2025; A3, A4, and A6 are common local used models.",https://www.megaparts.bg/products/avtochasti/audi/a4-avant-b8,https://automedia.investor.bg/a/2-novini/63923-eto-nay-tarsenite-koli-na-staro-v-balgariya-prez-2025,Audi MediaCenter - official model and archive material,https://www.audi-mediacenter.com/en,P1,"Include in v1: stable local used-parts supply or fleet presence, but rank below the highest-volume core models.",high,false,2026-09-07
audi__q5__q5-ii__fy,Audi,Q5,Q5 II,FY,2016,2024,"European market, year-level precision; where included body styles overlap, use the earliest start and latest end year within this row's scope.",Main Q5 range only. SQ5 requires separate powertrain and brake fitment. Second-generation Sportback is excluded.,"MEGAPARTS classifies Audi used parts by identifiers such as 8L/8P/8V and B/C generations. Audi held about 7.1% of Bulgarian used-vehicle registrations in 2025; A3, A4, and A6 are common local used models.",https://www.megaparts.bg/products/avtochasti/audi/a4-avant-b8,https://automedia.investor.bg/a/2-novini/63923-eto-nay-tarsenite-koli-na-staro-v-balgariya-prez-2025,Audi MediaCenter - official model and archive material,https://www.audi-mediacenter.com/en,P1,"Include in v1: stable local used-parts supply or fleet presence, but rank below the highest-volume core models.",high,false,2026-09-07
opel__astra__astra-g__t98,Opel,Astra,Astra G,T98,1998,2009,"European market, year-level precision; where included body styles overlap, use the earliest start and latest end year within this row's scope.","European Astra. Match hatchback, estate, GTC, and sedan by body code; a shared letter generation does not imply universal compatibility.","MEGAPARTS lists used parts for Astra, Corsa, Insignia, and Zafira by generation. Opel held about 5.1% of 2025 used registrations and ranked second in the MVR-derived fleet data; Astra and Corsa were specifically identified as common models.",https://www.megaparts.bg/products/avtochasti/opel/gt-cabrio,https://www.pariteni.bg/novini/transport/koi-sa-naj-predpochitanite-marki-koli-u-nas-253893,Opel/Stellantis Media - Kadett and Astra generation history,https://www.media.stellantis.com/em-en/opel/press/opel-kadett-and-astra-85-years-as-defining-force-of-compact-class,P0,Launch core: high Bulgarian fleet or used-registration presence with clear generation-level local used-parts supply.,high,false,2026-09-07
opel__astra__astra-h__a04,Opel,Astra,Astra H,A04,2004,2014,"European market, year-level precision; where included body styles overlap, use the earliest start and latest end year within this row's scope.","European Astra. Match hatchback, estate, GTC, and sedan by body code; a shared letter generation does not imply universal compatibility.","MEGAPARTS lists used parts for Astra, Corsa, Insignia, and Zafira by generation. Opel held about 5.1% of 2025 used registrations and ranked second in the MVR-derived fleet data; Astra and Corsa were specifically identified as common models.",https://www.megaparts.bg/products/avtochasti/opel/gt-cabrio,https://www.pariteni.bg/novini/transport/koi-sa-naj-predpochitanite-marki-koli-u-nas-253893,Opel/Stellantis Media - Kadett and Astra generation history,https://www.media.stellantis.com/em-en/opel/press/opel-kadett-and-astra-85-years-as-defining-force-of-compact-class,P0,Launch core: high Bulgarian fleet or used-registration presence with clear generation-level local used-parts supply.,high,false,2026-09-07
opel__astra__astra-j__p10,Opel,Astra,Astra J,P10,2009,2018,"European market, year-level precision; where included body styles overlap, use the earliest start and latest end year within this row's scope.","European Astra. Match hatchback, estate, GTC, and sedan by body code; a shared letter generation does not imply universal compatibility.","MEGAPARTS lists used parts for Astra, Corsa, Insignia, and Zafira by generation. Opel held about 5.1% of 2025 used registrations and ranked second in the MVR-derived fleet data; Astra and Corsa were specifically identified as common models.",https://www.megaparts.bg/products/avtochasti/opel/gt-cabrio,https://www.pariteni.bg/novini/transport/koi-sa-naj-predpochitanite-marki-koli-u-nas-253893,Opel/Stellantis Media - Kadett and Astra generation history,https://www.media.stellantis.com/em-en/opel/press/opel-kadett-and-astra-85-years-as-defining-force-of-compact-class,P0,Launch core: high Bulgarian fleet or used-registration presence with clear generation-level local used-parts supply.,high,false,2026-09-07
opel__astra__astra-k__b16,Opel,Astra,Astra K,B16,2015,2021,"European market, year-level precision; where included body styles overlap, use the earliest start and latest end year within this row's scope.","European Astra. Match hatchback, estate, GTC, and sedan by body code; a shared letter generation does not imply universal compatibility.","MEGAPARTS lists used parts for Astra, Corsa, Insignia, and Zafira by generation. Opel held about 5.1% of 2025 used registrations and ranked second in the MVR-derived fleet data; Astra and Corsa were specifically identified as common models.",https://www.megaparts.bg/products/avtochasti/opel/gt-cabrio,https://www.pariteni.bg/novini/transport/koi-sa-naj-predpochitanite-marki-koli-u-nas-253893,Opel/Stellantis Media - Kadett and Astra generation history,https://www.media.stellantis.com/em-en/opel/press/opel-kadett-and-astra-85-years-as-defining-force-of-compact-class,P0,Launch core: high Bulgarian fleet or used-registration presence with clear generation-level local used-parts supply.,high,false,2026-09-07
opel__corsa__corsa-c__x01,Opel,Corsa,Corsa C,X01,2000,2006,"European market, year-level precision; where included body styles overlap, use the earliest start and latest end year within this row's scope.","European hatchback and van. Vauxhall is treated as an alias, not as a separate make.","MEGAPARTS lists used parts for Astra, Corsa, Insignia, and Zafira by generation. Opel held about 5.1% of 2025 used registrations and ranked second in the MVR-derived fleet data; Astra and Corsa were specifically identified as common models.",https://www.megaparts.bg/products/avtochasti/opel/gt-cabrio,https://www.pariteni.bg/novini/transport/koi-sa-naj-predpochitanite-marki-koli-u-nas-253893,Opel/Stellantis Media - official model and heritage archive,https://www.media.stellantis.com/em-en/opel,P0,Launch core: high Bulgarian fleet or used-registration presence with clear generation-level local used-parts supply.,high,false,2026-09-07
opel__corsa__corsa-d__s07,Opel,Corsa,Corsa D,S07,2006,2014,"European market, year-level precision; where included body styles overlap, use the earliest start and latest end year within this row's scope.","European hatchback and van. Vauxhall is treated as an alias, not as a separate make.","MEGAPARTS lists used parts for Astra, Corsa, Insignia, and Zafira by generation. Opel held about 5.1% of 2025 used registrations and ranked second in the MVR-derived fleet data; Astra and Corsa were specifically identified as common models.",https://www.megaparts.bg/products/avtochasti/opel/gt-cabrio,https://www.pariteni.bg/novini/transport/koi-sa-naj-predpochitanite-marki-koli-u-nas-253893,Opel/Stellantis Media - official model and heritage archive,https://www.media.stellantis.com/em-en/opel,P0,Launch core: high Bulgarian fleet or used-registration presence with clear generation-level local used-parts supply.,high,false,2026-09-07
opel__corsa__corsa-e__x15,Opel,Corsa,Corsa E,X15,2014,2019,"European market, year-level precision; where included body styles overlap, use the earliest start and latest end year within this row's scope.","European hatchback and van. Vauxhall is treated as an alias, not as a separate make.","MEGAPARTS lists used parts for Astra, Corsa, Insignia, and Zafira by generation. Opel held about 5.1% of 2025 used registrations and ranked second in the MVR-derived fleet data; Astra and Corsa were specifically identified as common models.",https://www.megaparts.bg/products/avtochasti/opel/gt-cabrio,https://www.pariteni.bg/novini/transport/koi-sa-naj-predpochitanite-marki-koli-u-nas-253893,Opel/Stellantis Media - official model and heritage archive,https://www.media.stellantis.com/em-en/opel,P0,Launch core: high Bulgarian fleet or used-registration presence with clear generation-level local used-parts supply.,high,false,2026-09-07
opel__insignia__insignia-a__g09,Opel,Insignia,Insignia A,G09,2008,2017,"European market, year-level precision; where included body styles overlap, use the earliest start and latest end year within this row's scope.","European Insignia. Match Grand Sport, Sports Tourer, and Country Tourer body parts separately.","MEGAPARTS lists used parts for Astra, Corsa, Insignia, and Zafira by generation. Opel held about 5.1% of 2025 used registrations and ranked second in the MVR-derived fleet data; Astra and Corsa were specifically identified as common models.",https://www.megaparts.bg/products/avtochasti/opel/gt-cabrio,https://www.pariteni.bg/novini/transport/koi-sa-naj-predpochitanite-marki-koli-u-nas-253893,Opel/Stellantis Media - official model and heritage archive,https://www.media.stellantis.com/em-en/opel,P1,"Include in v1: stable local used-parts supply or fleet presence, but rank below the highest-volume core models.",high,false,2026-09-07
opel__insignia__insignia-b__z18,Opel,Insignia,Insignia B,Z18,2017,2022,"European market, year-level precision; where included body styles overlap, use the earliest start and latest end year within this row's scope.","European Insignia. Match Grand Sport, Sports Tourer, and Country Tourer body parts separately.","MEGAPARTS lists used parts for Astra, Corsa, Insignia, and Zafira by generation. Opel held about 5.1% of 2025 used registrations and ranked second in the MVR-derived fleet data; Astra and Corsa were specifically identified as common models.",https://www.megaparts.bg/products/avtochasti/opel/gt-cabrio,https://www.pariteni.bg/novini/transport/koi-sa-naj-predpochitanite-marki-koli-u-nas-253893,Opel/Stellantis Media - official model and heritage archive,https://www.media.stellantis.com/em-en/opel,P1,"Include in v1: stable local used-parts supply or fleet presence, but rank below the highest-volume core models.",high,false,2026-09-07
opel__zafira__zafira-a__t98,Opel,Zafira,Zafira A,T98,1999,2005,"European market, year-level precision; where included body styles overlap, use the earliest start and latest end year within this row's scope.",European Zafira. Tourer is the C-generation market name and must not be merged with the later PSA-based Zafira Life.,"MEGAPARTS lists used parts for Astra, Corsa, Insignia, and Zafira by generation. Opel held about 5.1% of 2025 used registrations and ranked second in the MVR-derived fleet data; Astra and Corsa were specifically identified as common models.",https://www.megaparts.bg/products/avtochasti/opel/gt-cabrio,https://www.pariteni.bg/novini/transport/koi-sa-naj-predpochitanite-marki-koli-u-nas-253893,Opel/Stellantis Media - official model and heritage archive,https://www.media.stellantis.com/em-en/opel,P1,"Include in v1: stable local used-parts supply or fleet presence, but rank below the highest-volume core models.",high,false,2026-09-07
opel__zafira__zafira-b__a05,Opel,Zafira,Zafira B,A05,2005,2014,"European market, year-level precision; where included body styles overlap, use the earliest start and latest end year within this row's scope.",European Zafira. Tourer is the C-generation market name and must not be merged with the later PSA-based Zafira Life.,"MEGAPARTS lists used parts for Astra, Corsa, Insignia, and Zafira by generation. Opel held about 5.1% of 2025 used registrations and ranked second in the MVR-derived fleet data; Astra and Corsa were specifically identified as common models.",https://www.megaparts.bg/products/avtochasti/opel/gt-cabrio,https://www.pariteni.bg/novini/transport/koi-sa-naj-predpochitanite-marki-koli-u-nas-253893,Opel/Stellantis Media - official model and heritage archive,https://www.media.stellantis.com/em-en/opel,P1,"Include in v1: stable local used-parts supply or fleet presence, but rank below the highest-volume core models.",high,false,2026-09-07
opel__zafira__zafira-c-tourer__p12,Opel,Zafira,Zafira C / Tourer,P12,2011,2019,"European market, year-level precision; where included body styles overlap, use the earliest start and latest end year within this row's scope.",European Zafira. Tourer is the C-generation market name and must not be merged with the later PSA-based Zafira Life.,"MEGAPARTS lists used parts for Astra, Corsa, Insignia, and Zafira by generation. Opel held about 5.1% of 2025 used registrations and ranked second in the MVR-derived fleet data; Astra and Corsa were specifically identified as common models.",https://www.megaparts.bg/products/avtochasti/opel/gt-cabrio,https://www.pariteni.bg/novini/transport/koi-sa-naj-predpochitanite-marki-koli-u-nas-253893,Opel/Stellantis Media - official model and heritage archive,https://www.media.stellantis.com/em-en/opel,P1,"Include in v1: stable local used-parts supply or fleet presence, but rank below the highest-volume core models.",high,false,2026-09-07
ford__focus__mk1-europe__c170,Ford,Focus,Mk1 (Europe),C170,1998,2005,"European market, year-level precision; where included body styles overlap, use the earliest start and latest end year within this row's scope.","European Focus. Facelift and hatchback, estate, or sedan details require separate fields; do not rely on the Mk label alone.","MEGAPARTS supports generation-level searches for Focus, Fiesta, Mondeo, and Kuga. Ford is in the top ten brands in the MVR-derived Bulgarian fleet data; Focus and Mondeo were specifically identified as common transferred models.",https://www.megaparts.bg/products/avtochasti/ford/transit-platform-iv,https://www.pariteni.bg/novini/transport/koi-sa-naj-predpochitanite-marki-koli-u-nas-253893,Ford Heritage Vault - official brochures and model archive,https://fordheritagevault.com/,P0,Launch core: high Bulgarian fleet or used-registration presence with clear generation-level local used-parts supply.,high,false,2026-09-07
ford__focus__mk2-europe__c307,Ford,Focus,Mk2 (Europe),C307,2004,2011,"European market, year-level precision; where included body styles overlap, use the earliest start and latest end year within this row's scope.","European Focus. Facelift and hatchback, estate, or sedan details require separate fields; do not rely on the Mk label alone.","MEGAPARTS supports generation-level searches for Focus, Fiesta, Mondeo, and Kuga. Ford is in the top ten brands in the MVR-derived Bulgarian fleet data; Focus and Mondeo were specifically identified as common transferred models.",https://www.megaparts.bg/products/avtochasti/ford/transit-platform-iv,https://www.pariteni.bg/novini/transport/koi-sa-naj-predpochitanite-marki-koli-u-nas-253893,Ford Heritage Vault - official brochures and model archive,https://fordheritagevault.com/,P0,Launch core: high Bulgarian fleet or used-registration presence with clear generation-level local used-parts supply.,high,false,2026-09-07
ford__focus__mk3-europe__c346,Ford,Focus,Mk3 (Europe),C346,2010,2018,"European market, year-level precision; where included body styles overlap, use the earliest start and latest end year within this row's scope.","European Focus. Facelift and hatchback, estate, or sedan details require separate fields; do not rely on the Mk label alone.","MEGAPARTS supports generation-level searches for Focus, Fiesta, Mondeo, and Kuga. Ford is in the top ten brands in the MVR-derived Bulgarian fleet data; Focus and Mondeo were specifically identified as common transferred models.",https://www.megaparts.bg/products/avtochasti/ford/transit-platform-iv,https://www.pariteni.bg/novini/transport/koi-sa-naj-predpochitanite-marki-koli-u-nas-253893,Ford Heritage Vault - official brochures and model archive,https://fordheritagevault.com/,P0,Launch core: high Bulgarian fleet or used-registration presence with clear generation-level local used-parts supply.,high,false,2026-09-07
ford__fiesta__mk5-european-numbering__b256,Ford,Fiesta,Mk5 (European numbering),B256,2001,2008,"European market, year-level precision; where included body styles overlap, use the earliest start and latest end year within this row's scope.",Uses European Mk numbering together with Ford development codes. UK and US sources may number generations differently.,"MEGAPARTS supports generation-level searches for Focus, Fiesta, Mondeo, and Kuga. Ford is in the top ten brands in the MVR-derived Bulgarian fleet data; Focus and Mondeo were specifically identified as common transferred models.",https://www.megaparts.bg/products/avtochasti/ford/transit-platform-iv,https://www.pariteni.bg/novini/transport/koi-sa-naj-predpochitanite-marki-koli-u-nas-253893,Ford Heritage Vault - official brochures and model archive,https://fordheritagevault.com/,P1,"Include in v1: stable local used-parts supply or fleet presence, but rank below the highest-volume core models.",medium,true,2026-09-07
ford__fiesta__mk6-european-numbering__b299,Ford,Fiesta,Mk6 (European numbering),B299,2008,2017,"European market, year-level precision; where included body styles overlap, use the earliest start and latest end year within this row's scope.",Uses European Mk numbering together with Ford development codes. UK and US sources may number generations differently.,"MEGAPARTS supports generation-level searches for Focus, Fiesta, Mondeo, and Kuga. Ford is in the top ten brands in the MVR-derived Bulgarian fleet data; Focus and Mondeo were specifically identified as common transferred models.",https://www.megaparts.bg/products/avtochasti/ford/transit-platform-iv,https://www.pariteni.bg/novini/transport/koi-sa-naj-predpochitanite-marki-koli-u-nas-253893,Ford Heritage Vault - official brochures and model archive,https://fordheritagevault.com/,P1,"Include in v1: stable local used-parts supply or fleet presence, but rank below the highest-volume core models.",medium,true,2026-09-07
ford__fiesta__mk7-european-numbering__b479,Ford,Fiesta,Mk7 (European numbering),B479,2017,2023,"European market, year-level precision; where included body styles overlap, use the earliest start and latest end year within this row's scope.",Uses European Mk numbering together with Ford development codes. UK and US sources may number generations differently.,"MEGAPARTS supports generation-level searches for Focus, Fiesta, Mondeo, and Kuga. Ford is in the top ten brands in the MVR-derived Bulgarian fleet data; Focus and Mondeo were specifically identified as common transferred models.",https://www.megaparts.bg/products/avtochasti/ford/transit-platform-iv,https://www.pariteni.bg/novini/transport/koi-sa-naj-predpochitanite-marki-koli-u-nas-253893,Ford Heritage Vault - official brochures and model archive,https://fordheritagevault.com/,P1,"Include in v1: stable local used-parts supply or fleet presence, but rank below the highest-volume core models.",medium,true,2026-09-07
ford__mondeo__mk3-europe__cd132,Ford,Mondeo,Mk3 (Europe),CD132,2000,2007,"European market, year-level precision; where included body styles overlap, use the earliest start and latest end year within this row's scope.","European Mondeo. Do not merge the North American Fusion solely because of platform links. Match hatchback, sedan, and estate separately.","MEGAPARTS supports generation-level searches for Focus, Fiesta, Mondeo, and Kuga. Ford is in the top ten brands in the MVR-derived Bulgarian fleet data; Focus and Mondeo were specifically identified as common transferred models.",https://www.megaparts.bg/products/avtochasti/ford/transit-platform-iv,https://www.pariteni.bg/novini/transport/koi-sa-naj-predpochitanite-marki-koli-u-nas-253893,Ford Heritage Vault - official brochures and model archive,https://fordheritagevault.com/,P1,"Include in v1: stable local used-parts supply or fleet presence, but rank below the highest-volume core models.",high,false,2026-09-07
ford__mondeo__mk4-europe__eucd,Ford,Mondeo,Mk4 (Europe),EUCD,2007,2014,"European market, year-level precision; where included body styles overlap, use the earliest start and latest end year within this row's scope.","European Mondeo. Do not merge the North American Fusion solely because of platform links. Match hatchback, sedan, and estate separately.","MEGAPARTS supports generation-level searches for Focus, Fiesta, Mondeo, and Kuga. Ford is in the top ten brands in the MVR-derived Bulgarian fleet data; Focus and Mondeo were specifically identified as common transferred models.",https://www.megaparts.bg/products/avtochasti/ford/transit-platform-iv,https://www.pariteni.bg/novini/transport/koi-sa-naj-predpochitanite-marki-koli-u-nas-253893,Ford Heritage Vault - official brochures and model archive,https://fordheritagevault.com/,P1,"Include in v1: stable local used-parts supply or fleet presence, but rank below the highest-volume core models.",high,false,2026-09-07
ford__mondeo__mk5-europe__cd391,Ford,Mondeo,Mk5 (Europe),CD391,2014,2022,"European market, year-level precision; where included body styles overlap, use the earliest start and latest end year within this row's scope.","European Mondeo. Do not merge the North American Fusion solely because of platform links. Match hatchback, sedan, and estate separately.","MEGAPARTS supports generation-level searches for Focus, Fiesta, Mondeo, and Kuga. Ford is in the top ten brands in the MVR-derived Bulgarian fleet data; Focus and Mondeo were specifically identified as common transferred models.",https://www.megaparts.bg/products/avtochasti/ford/transit-platform-iv,https://www.pariteni.bg/novini/transport/koi-sa-naj-predpochitanite-marki-koli-u-nas-253893,Ford Heritage Vault - official brochures and model archive,https://fordheritagevault.com/,P1,"Include in v1: stable local used-parts supply or fleet presence, but rank below the highest-volume core models.",high,false,2026-09-07
ford__kuga__kuga-i__c394,Ford,Kuga,Kuga I,C394,2008,2012,"European market, year-level precision; where included body styles overlap, use the earliest start and latest end year within this row's scope.",European Kuga. Do not automatically merge the North American Escape even where development foundations are shared.,"MEGAPARTS supports generation-level searches for Focus, Fiesta, Mondeo, and Kuga. Ford is in the top ten brands in the MVR-derived Bulgarian fleet data; Focus and Mondeo were specifically identified as common transferred models.",https://www.megaparts.bg/products/avtochasti/ford/transit-platform-iv,https://www.pariteni.bg/novini/transport/koi-sa-naj-predpochitanite-marki-koli-u-nas-253893,Ford Media Europe - official model archive,https://media.ford.com/content/fordmedia/feu/en.html,P1,"Include in v1: stable local used-parts supply or fleet presence, but rank below the highest-volume core models.",high,false,2026-09-07
ford__kuga__kuga-ii__c520,Ford,Kuga,Kuga II,C520,2012,2019,"European market, year-level precision; where included body styles overlap, use the earliest start and latest end year within this row's scope.",European Kuga. Do not automatically merge the North American Escape even where development foundations are shared.,"MEGAPARTS supports generation-level searches for Focus, Fiesta, Mondeo, and Kuga. Ford is in the top ten brands in the MVR-derived Bulgarian fleet data; Focus and Mondeo were specifically identified as common transferred models.",https://www.megaparts.bg/products/avtochasti/ford/transit-platform-iv,https://www.pariteni.bg/novini/transport/koi-sa-naj-predpochitanite-marki-koli-u-nas-253893,Ford Media Europe - official model archive,https://media.ford.com/content/fordmedia/feu/en.html,P1,"Include in v1: stable local used-parts supply or fleet presence, but rank below the highest-volume core models.",high,false,2026-09-07
renault__clio__clio-ii__x65,Renault,Clio,Clio II,X65,1998,2012,"European market, year-level precision; where included body styles overlap, use the earliest start and latest end year within this row's scope.",European regular-production Clio. Clio V6 and Renaultsport-specific parts are excluded from general compatibility.,"MEGAPARTS lists generation-level used parts for Clio, Megane, Scenic, and Laguna. Renault is in the top ten brands in the MVR-derived Bulgarian fleet data.",https://www.megaparts.bg/products/avtochasti/renault/trafic-iii-platform,https://www.pariteni.bg/novini/transport/koi-sa-naj-predpochitanite-marki-koli-u-nas-253893,The Originals Renault Museum - official heritage archive,https://theoriginals.renault.com/en,P0,Launch core: high Bulgarian fleet or used-registration presence with clear generation-level local used-parts supply.,high,false,2026-09-07
renault__clio__clio-iii__x85,Renault,Clio,Clio III,X85,2005,2014,"European market, year-level precision; where included body styles overlap, use the earliest start and latest end year within this row's scope.",European regular-production Clio. Clio V6 and Renaultsport-specific parts are excluded from general compatibility.,"MEGAPARTS lists generation-level used parts for Clio, Megane, Scenic, and Laguna. Renault is in the top ten brands in the MVR-derived Bulgarian fleet data.",https://www.megaparts.bg/products/avtochasti/renault/trafic-iii-platform,https://www.pariteni.bg/novini/transport/koi-sa-naj-predpochitanite-marki-koli-u-nas-253893,The Originals Renault Museum - official heritage archive,https://theoriginals.renault.com/en,P0,Launch core: high Bulgarian fleet or used-registration presence with clear generation-level local used-parts supply.,high,false,2026-09-07
renault__clio__clio-iv__x98,Renault,Clio,Clio IV,X98,2012,2020,"European market, year-level precision; where included body styles overlap, use the earliest start and latest end year within this row's scope.",European regular-production Clio. Clio V6 and Renaultsport-specific parts are excluded from general compatibility.,"MEGAPARTS lists generation-level used parts for Clio, Megane, Scenic, and Laguna. Renault is in the top ten brands in the MVR-derived Bulgarian fleet data.",https://www.megaparts.bg/products/avtochasti/renault/trafic-iii-platform,https://www.pariteni.bg/novini/transport/koi-sa-naj-predpochitanite-marki-koli-u-nas-253893,The Originals Renault Museum - official heritage archive,https://theoriginals.renault.com/en,P0,Launch core: high Bulgarian fleet or used-registration presence with clear generation-level local used-parts supply.,high,false,2026-09-07
renault__megane__megane-ii__x84,Renault,Megane,Megane II,X84,2002,2009,"European market, year-level precision; where included body styles overlap, use the earliest start and latest end year within this row's scope.","European Megane. Match coupe, cabriolet, sedan, and estate by body code. Scenic remains a separate model group.","MEGAPARTS lists generation-level used parts for Clio, Megane, Scenic, and Laguna. Renault is in the top ten brands in the MVR-derived Bulgarian fleet data.",https://www.megaparts.bg/products/avtochasti/renault/trafic-iii-platform,https://www.pariteni.bg/novini/transport/koi-sa-naj-predpochitanite-marki-koli-u-nas-253893,The Originals Renault Museum - Megane archive,https://theoriginals.renault.com/en/megane-coupe,P0,Launch core: high Bulgarian fleet or used-registration presence with clear generation-level local used-parts supply.,high,false,2026-09-07
renault__megane__megane-iii__x95,Renault,Megane,Megane III,X95,2008,2016,"European market, year-level precision; where included body styles overlap, use the earliest start and latest end year within this row's scope.","European Megane. Match coupe, cabriolet, sedan, and estate by body code. Scenic remains a separate model group.","MEGAPARTS lists generation-level used parts for Clio, Megane, Scenic, and Laguna. Renault is in the top ten brands in the MVR-derived Bulgarian fleet data.",https://www.megaparts.bg/products/avtochasti/renault/trafic-iii-platform,https://www.pariteni.bg/novini/transport/koi-sa-naj-predpochitanite-marki-koli-u-nas-253893,The Originals Renault Museum - Megane archive,https://theoriginals.renault.com/en/megane-coupe,P0,Launch core: high Bulgarian fleet or used-registration presence with clear generation-level local used-parts supply.,high,false,2026-09-07
renault__megane__megane-iv__xfb,Renault,Megane,Megane IV,XFB,2016,2024,"European market, year-level precision; where included body styles overlap, use the earliest start and latest end year within this row's scope.","European Megane. Match coupe, cabriolet, sedan, and estate by body code. Scenic remains a separate model group.","MEGAPARTS lists generation-level used parts for Clio, Megane, Scenic, and Laguna. Renault is in the top ten brands in the MVR-derived Bulgarian fleet data.",https://www.megaparts.bg/products/avtochasti/renault/trafic-iii-platform,https://www.pariteni.bg/novini/transport/koi-sa-naj-predpochitanite-marki-koli-u-nas-253893,The Originals Renault Museum - Megane archive,https://theoriginals.renault.com/en/megane-coupe,P1,"Include in v1: stable local used-parts supply or fleet presence, but rank below the highest-volume core models.",high,false,2026-09-07
renault__scenic__scenic-ii__jm,Renault,Scenic,Scenic II,JM,2003,2009,"European market, year-level precision; where included body styles overlap, use the earliest start and latest end year within this row's scope.","Scenic and Grand Scenic share a generation but require separate body variants. Do not cross-match body, glass, or interior parts.","MEGAPARTS lists generation-level used parts for Clio, Megane, Scenic, and Laguna. Renault is in the top ten brands in the MVR-derived Bulgarian fleet data.",https://www.megaparts.bg/products/avtochasti/renault/trafic-iii-platform,https://www.pariteni.bg/novini/transport/koi-sa-naj-predpochitanite-marki-koli-u-nas-253893,The Originals Renault Museum - Scenic archive,https://theoriginals.renault.com/en/scenic-rxt,P1,"Include in v1: stable local used-parts supply or fleet presence, but rank below the highest-volume core models.",high,false,2026-09-07
renault__scenic__scenic-iii__jz,Renault,Scenic,Scenic III,JZ,2009,2016,"European market, year-level precision; where included body styles overlap, use the earliest start and latest end year within this row's scope.","Scenic and Grand Scenic share a generation but require separate body variants. Do not cross-match body, glass, or interior parts.","MEGAPARTS lists generation-level used parts for Clio, Megane, Scenic, and Laguna. Renault is in the top ten brands in the MVR-derived Bulgarian fleet data.",https://www.megaparts.bg/products/avtochasti/renault/trafic-iii-platform,https://www.pariteni.bg/novini/transport/koi-sa-naj-predpochitanite-marki-koli-u-nas-253893,The Originals Renault Museum - Scenic archive,https://theoriginals.renault.com/en/scenic-rxt,P1,"Include in v1: stable local used-parts supply or fleet presence, but rank below the highest-volume core models.",high,false,2026-09-07
renault__scenic__scenic-iv__jfa-rfa,Renault,Scenic,Scenic IV,JFA/RFA,2016,2023,"European market, year-level precision; where included body styles overlap, use the earliest start and latest end year within this row's scope.","Scenic and Grand Scenic share a generation but require separate body variants. Do not cross-match body, glass, or interior parts.","MEGAPARTS lists generation-level used parts for Clio, Megane, Scenic, and Laguna. Renault is in the top ten brands in the MVR-derived Bulgarian fleet data.",https://www.megaparts.bg/products/avtochasti/renault/trafic-iii-platform,https://www.pariteni.bg/novini/transport/koi-sa-naj-predpochitanite-marki-koli-u-nas-253893,The Originals Renault Museum - Scenic archive,https://theoriginals.renault.com/en/scenic-rxt,P1,"Include in v1: stable local used-parts supply or fleet presence, but rank below the highest-volume core models.",high,false,2026-09-07
renault__laguna__laguna-ii__x74,Renault,Laguna,Laguna II,X74,2001,2007,"European market, year-level precision; where included body styles overlap, use the earliest start and latest end year within this row's scope.",European Laguna hatchback and estate. Coupe requires a separate body code.,"MEGAPARTS lists generation-level used parts for Clio, Megane, Scenic, and Laguna. Renault is in the top ten brands in the MVR-derived Bulgarian fleet data.",https://www.megaparts.bg/products/avtochasti/renault/trafic-iii-platform,https://www.pariteni.bg/novini/transport/koi-sa-naj-predpochitanite-marki-koli-u-nas-253893,The Originals Renault Museum - official heritage archive,https://theoriginals.renault.com/en,P2,"Low-priority retention: older generation, thinner supply, or a naming/body boundary that should be validated against local inventory.",high,false,2026-09-07
renault__laguna__laguna-iii__x91,Renault,Laguna,Laguna III,X91,2007,2015,"European market, year-level precision; where included body styles overlap, use the earliest start and latest end year within this row's scope.",European Laguna hatchback and estate. Coupe requires a separate body code.,"MEGAPARTS lists generation-level used parts for Clio, Megane, Scenic, and Laguna. Renault is in the top ten brands in the MVR-derived Bulgarian fleet data.",https://www.megaparts.bg/products/avtochasti/renault/trafic-iii-platform,https://www.pariteni.bg/novini/transport/koi-sa-naj-predpochitanite-marki-koli-u-nas-253893,The Originals Renault Museum - official heritage archive,https://theoriginals.renault.com/en,P1,"Include in v1: stable local used-parts supply or fleet presence, but rank below the highest-volume core models.",high,false,2026-09-07
peugeot__206__206-206__t1,Peugeot,206,206 / 206+,T1,1998,2012,"European market, year-level precision; where included body styles overlap, use the earliest start and latest end year within this row's scope.","206 and 206+ remain in one lineage, but facelift and body details must be stored separately. Do not cross-match 206 CC body parts with the hatchback.","MEGAPARTS lists generation-level used parts for 206, 207, 307, and 308. Peugeot is in the top ten brands in the MVR-derived fleet data, while French brands represented about 11% of 2025 used registrations.",https://www.megaparts.bg/products/avtochasti/peugeot/expert-platform-iii,https://www.pariteni.bg/novini/transport/koi-sa-naj-predpochitanite-marki-koli-u-nas-253893,Peugeot/Stellantis Media - official history archive,https://www.media.stellantis.com/em-en/peugeot,P1,"Include in v1: stable local used-parts supply or fleet presence, but rank below the highest-volume core models.",high,false,2026-09-07
peugeot__207__207__a7,Peugeot,207,207,A7,2006,2014,"European market, year-level precision; where included body styles overlap, use the earliest start and latest end year within this row's scope.","Match 207 hatchback, SW, and CC by body code. Do not merge with 206 or 208.","MEGAPARTS lists generation-level used parts for 206, 207, 307, and 308. Peugeot is in the top ten brands in the MVR-derived fleet data, while French brands represented about 11% of 2025 used registrations.",https://www.megaparts.bg/products/avtochasti/peugeot/expert-platform-iii,https://www.pariteni.bg/novini/transport/koi-sa-naj-predpochitanite-marki-koli-u-nas-253893,Peugeot/Stellantis Media - official history archive,https://www.media.stellantis.com/em-en/peugeot,P1,"Include in v1: stable local used-parts supply or fleet presence, but rank below the highest-volume core models.",high,false,2026-09-07
peugeot__307__307__t5,Peugeot,307,307,T5,2001,2009,"European market, year-level precision; where included body styles overlap, use the earliest start and latest end year within this row's scope.","Match 307 hatchback, SW, and CC separately. Do not merge with 308.","MEGAPARTS lists generation-level used parts for 206, 207, 307, and 308. Peugeot is in the top ten brands in the MVR-derived fleet data, while French brands represented about 11% of 2025 used registrations.",https://www.megaparts.bg/products/avtochasti/peugeot/expert-platform-iii,https://www.pariteni.bg/novini/transport/koi-sa-naj-predpochitanite-marki-koli-u-nas-253893,Peugeot/Stellantis Media - official history archive,https://www.media.stellantis.com/em-en/peugeot,P1,"Include in v1: stable local used-parts supply or fleet presence, but rank below the highest-volume core models.",high,false,2026-09-07
peugeot__308__308-i__t7,Peugeot,308,308 I,T7,2007,2015,"European market, year-level precision; where included body styles overlap, use the earliest start and latest end year within this row's scope.","Keep first and second generations separate. Match hatchback, SW, and CC by body code.","MEGAPARTS lists generation-level used parts for 206, 207, 307, and 308. Peugeot is in the top ten brands in the MVR-derived fleet data, while French brands represented about 11% of 2025 used registrations.",https://www.megaparts.bg/products/avtochasti/peugeot/expert-platform-iii,https://www.pariteni.bg/novini/transport/koi-sa-naj-predpochitanite-marki-koli-u-nas-253893,Peugeot/Stellantis Media - official history archive,https://www.media.stellantis.com/em-en/peugeot,P1,"Include in v1: stable local used-parts supply or fleet presence, but rank below the highest-volume core models.",high,false,2026-09-07
peugeot__308__308-ii__t9,Peugeot,308,308 II,T9,2013,2021,"European market, year-level precision; where included body styles overlap, use the earliest start and latest end year within this row's scope.","Keep first and second generations separate. Match hatchback, SW, and CC by body code.","MEGAPARTS lists generation-level used parts for 206, 207, 307, and 308. Peugeot is in the top ten brands in the MVR-derived fleet data, while French brands represented about 11% of 2025 used registrations.",https://www.megaparts.bg/products/avtochasti/peugeot/expert-platform-iii,https://www.pariteni.bg/novini/transport/koi-sa-naj-predpochitanite-marki-koli-u-nas-253893,Peugeot/Stellantis Media - official history archive,https://www.media.stellantis.com/em-en/peugeot,P1,"Include in v1: stable local used-parts supply or fleet presence, but rank below the highest-volume core models.",high,false,2026-09-07
citroen__c3__c3-i__fc-fn,Citroen,C3,C3 I,FC/FN,2002,2009,"European market, year-level precision; where included body styles overlap, use the earliest start and latest end year within this row's scope.","European C3 hatchback. C3 Pluriel, Picasso, and Aircross are excluded.","MEGAPARTS lists generation-level used parts for C3, C4, and C5. French brands represented about 11% of Bulgarian used-vehicle registrations in 2025, supporting inclusion of the main C-series models.",https://www.megaparts.bg/products/avtochasti/citroen/xm-ii-break,https://automedia.investor.bg/a/2-novini/63923-eto-nay-tarsenite-koli-na-staro-v-balgariya-prez-2025,Citroen/Stellantis Media - official heritage archive,https://www.media.stellantis.com/em-en/citroen,P1,"Include in v1: stable local used-parts supply or fleet presence, but rank below the highest-volume core models.",high,false,2026-09-07
citroen__c3__c3-ii__sc,Citroen,C3,C3 II,SC,2009,2016,"European market, year-level precision; where included body styles overlap, use the earliest start and latest end year within this row's scope.","European C3 hatchback. C3 Pluriel, Picasso, and Aircross are excluded.","MEGAPARTS lists generation-level used parts for C3, C4, and C5. French brands represented about 11% of Bulgarian used-vehicle registrations in 2025, supporting inclusion of the main C-series models.",https://www.megaparts.bg/products/avtochasti/citroen/xm-ii-break,https://automedia.investor.bg/a/2-novini/63923-eto-nay-tarsenite-koli-na-staro-v-balgariya-prez-2025,Citroen/Stellantis Media - official heritage archive,https://www.media.stellantis.com/em-en/citroen,P1,"Include in v1: stable local used-parts supply or fleet presence, but rank below the highest-volume core models.",high,false,2026-09-07
citroen__c4__c4-i__lc-la,Citroen,C4,C4 I,LC/LA,2004,2010,"European market, year-level precision; where included body styles overlap, use the earliest start and latest end year within this row's scope.","European C4 hatchback and coupe. C4 Picasso, Grand Picasso, and Cactus are excluded.","MEGAPARTS lists generation-level used parts for C3, C4, and C5. French brands represented about 11% of Bulgarian used-vehicle registrations in 2025, supporting inclusion of the main C-series models.",https://www.megaparts.bg/products/avtochasti/citroen/xm-ii-break,https://automedia.investor.bg/a/2-novini/63923-eto-nay-tarsenite-koli-na-staro-v-balgariya-prez-2025,Citroen/Stellantis Media - official heritage archive,https://www.media.stellantis.com/em-en/citroen,P1,"Include in v1: stable local used-parts supply or fleet presence, but rank below the highest-volume core models.",high,false,2026-09-07
citroen__c4__c4-ii__b7,Citroen,C4,C4 II,B7,2010,2018,"European market, year-level precision; where included body styles overlap, use the earliest start and latest end year within this row's scope.","European C4 hatchback and coupe. C4 Picasso, Grand Picasso, and Cactus are excluded.","MEGAPARTS lists generation-level used parts for C3, C4, and C5. French brands represented about 11% of Bulgarian used-vehicle registrations in 2025, supporting inclusion of the main C-series models.",https://www.megaparts.bg/products/avtochasti/citroen/xm-ii-break,https://automedia.investor.bg/a/2-novini/63923-eto-nay-tarsenite-koli-na-staro-v-balgariya-prez-2025,Citroen/Stellantis Media - official heritage archive,https://www.media.stellantis.com/em-en/citroen,P1,"Include in v1: stable local used-parts supply or fleet presence, but rank below the highest-volume core models.",high,false,2026-09-07
citroen__c5__c5-i__dc-de-facelift-rc-re,Citroen,C5,C5 I,DC/DE; facelift RC/RE,2001,2008,"European market, year-level precision; where included body styles overlap, use the earliest start and latest end year within this row's scope.",European C5 hatchback/estate or sedan/estate. Some parts catalogues call the second generation C5 III; preserve this as an alias only.,"MEGAPARTS lists generation-level used parts for C3, C4, and C5. French brands represented about 11% of Bulgarian used-vehicle registrations in 2025, supporting inclusion of the main C-series models.",https://www.megaparts.bg/products/avtochasti/citroen/xm-ii-break,https://automedia.investor.bg/a/2-novini/63923-eto-nay-tarsenite-koli-na-staro-v-balgariya-prez-2025,Citroen/Stellantis Media - official heritage archive,https://www.media.stellantis.com/em-en/citroen,P2,"Low-priority retention: older generation, thinner supply, or a naming/body boundary that should be validated against local inventory.",high,false,2026-09-07
citroen__c5__c5-ii-often-listed-as-c5-iii__rd-td,Citroen,C5,C5 II (often listed as C5 III),RD/TD,2008,2017,"European market, year-level precision; where included body styles overlap, use the earliest start and latest end year within this row's scope.",European C5 hatchback/estate or sedan/estate. Some parts catalogues call the second generation C5 III; preserve this as an alias only.,"MEGAPARTS lists generation-level used parts for C3, C4, and C5. French brands represented about 11% of Bulgarian used-vehicle registrations in 2025, supporting inclusion of the main C-series models.",https://www.megaparts.bg/products/avtochasti/citroen/xm-ii-break,https://automedia.investor.bg/a/2-novini/63923-eto-nay-tarsenite-koli-na-staro-v-balgariya-prez-2025,Citroen/Stellantis Media - official heritage archive,https://www.media.stellantis.com/em-en/citroen,P1,"Include in v1: stable local used-parts supply or fleet presence, but rank below the highest-volume core models.",medium,true,2026-09-07
skoda__octavia__octavia-i__1u,Skoda,Octavia,Octavia I,1U,1996,2010,"European market, year-level precision; where included body styles overlap, use the earliest start and latest end year within this row's scope.","European liftback and Combi. Scout and vRS suspension, brake, and exterior differences require OE-number matching.","MEGAPARTS lists used parts for Octavia, Fabia, and Superb by generation and body style, showing an operational local supply and search pattern. Final priority should still be checked against actual partner inventory volumes.",https://www.megaparts.bg/products/avtochasti/skoda/octavia-iv-hatchback,https://www.pariteni.bg/novini/transport/koi-sa-naj-predpochitanite-marki-koli-u-nas-253893,Skoda Storyboard - official model and heritage archive,https://www.skoda-storyboard.com/en/,P0,Launch core: high Bulgarian fleet or used-registration presence with clear generation-level local used-parts supply.,high,false,2026-09-07
skoda__octavia__octavia-ii__1z,Skoda,Octavia,Octavia II,1Z,2004,2013,"European market, year-level precision; where included body styles overlap, use the earliest start and latest end year within this row's scope.","European liftback and Combi. Scout and vRS suspension, brake, and exterior differences require OE-number matching.","MEGAPARTS lists used parts for Octavia, Fabia, and Superb by generation and body style, showing an operational local supply and search pattern. Final priority should still be checked against actual partner inventory volumes.",https://www.megaparts.bg/products/avtochasti/skoda/octavia-iv-hatchback,https://www.pariteni.bg/novini/transport/koi-sa-naj-predpochitanite-marki-koli-u-nas-253893,Skoda Storyboard - official model and heritage archive,https://www.skoda-storyboard.com/en/,P0,Launch core: high Bulgarian fleet or used-registration presence with clear generation-level local used-parts supply.,high,false,2026-09-07
skoda__octavia__octavia-iii__5e,Skoda,Octavia,Octavia III,5E,2012,2020,"European market, year-level precision; where included body styles overlap, use the earliest start and latest end year within this row's scope.","European liftback and Combi. Scout and vRS suspension, brake, and exterior differences require OE-number matching.","MEGAPARTS lists used parts for Octavia, Fabia, and Superb by generation and body style, showing an operational local supply and search pattern. Final priority should still be checked against actual partner inventory volumes.",https://www.megaparts.bg/products/avtochasti/skoda/octavia-iv-hatchback,https://www.pariteni.bg/novini/transport/koi-sa-naj-predpochitanite-marki-koli-u-nas-253893,Skoda Storyboard - official model and heritage archive,https://www.skoda-storyboard.com/en/,P0,Launch core: high Bulgarian fleet or used-registration presence with clear generation-level local used-parts supply.,high,false,2026-09-07
skoda__fabia__fabia-i__6y,Skoda,Fabia,Fabia I,6Y,1999,2008,"European market, year-level precision; where included body styles overlap, use the earliest start and latest end year within this row's scope.",European hatchback and Combi. Sedan exists only in selected generations and must be matched by body code.,"MEGAPARTS lists used parts for Octavia, Fabia, and Superb by generation and body style, showing an operational local supply and search pattern. Final priority should still be checked against actual partner inventory volumes.",https://www.megaparts.bg/products/avtochasti/skoda/octavia-iv-hatchback,https://www.pariteni.bg/novini/transport/koi-sa-naj-predpochitanite-marki-koli-u-nas-253893,Skoda Storyboard - official model and heritage archive,https://www.skoda-storyboard.com/en/,P1,"Include in v1: stable local used-parts supply or fleet presence, but rank below the highest-volume core models.",high,false,2026-09-07
skoda__fabia__fabia-ii__5j,Skoda,Fabia,Fabia II,5J,2007,2014,"European market, year-level precision; where included body styles overlap, use the earliest start and latest end year within this row's scope.",European hatchback and Combi. Sedan exists only in selected generations and must be matched by body code.,"MEGAPARTS lists used parts for Octavia, Fabia, and Superb by generation and body style, showing an operational local supply and search pattern. Final priority should still be checked against actual partner inventory volumes.",https://www.megaparts.bg/products/avtochasti/skoda/octavia-iv-hatchback,https://www.pariteni.bg/novini/transport/koi-sa-naj-predpochitanite-marki-koli-u-nas-253893,Skoda Storyboard - official model and heritage archive,https://www.skoda-storyboard.com/en/,P1,"Include in v1: stable local used-parts supply or fleet presence, but rank below the highest-volume core models.",high,false,2026-09-07
skoda__fabia__fabia-iii__nj,Skoda,Fabia,Fabia III,NJ,2014,2022,"European market, year-level precision; where included body styles overlap, use the earliest start and latest end year within this row's scope.",European hatchback and Combi. Sedan exists only in selected generations and must be matched by body code.,"MEGAPARTS lists used parts for Octavia, Fabia, and Superb by generation and body style, showing an operational local supply and search pattern. Final priority should still be checked against actual partner inventory volumes.",https://www.megaparts.bg/products/avtochasti/skoda/octavia-iv-hatchback,https://www.pariteni.bg/novini/transport/koi-sa-naj-predpochitanite-marki-koli-u-nas-253893,Skoda Storyboard - official model and heritage archive,https://www.skoda-storyboard.com/en/,P1,"Include in v1: stable local used-parts supply or fleet presence, but rank below the highest-volume core models.",high,false,2026-09-07
skoda__superb__superb-i__3u,Skoda,Superb,Superb I,3U,2001,2008,"European market, year-level precision; where included body styles overlap, use the earliest start and latest end year within this row's scope.","European Superb. Match liftback, sedan, and Combi by generation and body code.","MEGAPARTS lists used parts for Octavia, Fabia, and Superb by generation and body style, showing an operational local supply and search pattern. Final priority should still be checked against actual partner inventory volumes.",https://www.megaparts.bg/products/avtochasti/skoda/octavia-iv-hatchback,https://www.pariteni.bg/novini/transport/koi-sa-naj-predpochitanite-marki-koli-u-nas-253893,Skoda Storyboard - official model and heritage archive,https://www.skoda-storyboard.com/en/,P1,"Include in v1: stable local used-parts supply or fleet presence, but rank below the highest-volume core models.",high,false,2026-09-07
skoda__superb__superb-ii__3t,Skoda,Superb,Superb II,3T,2008,2015,"European market, year-level precision; where included body styles overlap, use the earliest start and latest end year within this row's scope.","European Superb. Match liftback, sedan, and Combi by generation and body code.","MEGAPARTS lists used parts for Octavia, Fabia, and Superb by generation and body style, showing an operational local supply and search pattern. Final priority should still be checked against actual partner inventory volumes.",https://www.megaparts.bg/products/avtochasti/skoda/octavia-iv-hatchback,https://www.pariteni.bg/novini/transport/koi-sa-naj-predpochitanite-marki-koli-u-nas-253893,Skoda Storyboard - official model and heritage archive,https://www.skoda-storyboard.com/en/,P1,"Include in v1: stable local used-parts supply or fleet presence, but rank below the highest-volume core models.",high,false,2026-09-07
skoda__superb__superb-iii__3v,Skoda,Superb,Superb III,3V,2015,2024,"European market, year-level precision; where included body styles overlap, use the earliest start and latest end year within this row's scope.","European Superb. Match liftback, sedan, and Combi by generation and body code.","MEGAPARTS lists used parts for Octavia, Fabia, and Superb by generation and body style, showing an operational local supply and search pattern. Final priority should still be checked against actual partner inventory volumes.",https://www.megaparts.bg/products/avtochasti/skoda/octavia-iv-hatchback,https://www.pariteni.bg/novini/transport/koi-sa-naj-predpochitanite-marki-koli-u-nas-253893,Skoda Storyboard - official model and heritage archive,https://www.skoda-storyboard.com/en/,P1,"Include in v1: stable local used-parts supply or fleet presence, but rank below the highest-volume core models.",high,false,2026-09-07
toyota__corolla__corolla-ix__e120-e130,Toyota,Corolla,Corolla IX,E120/E130,2000,2007,"European market, year-level precision; where included body styles overlap, use the earliest start and latest end year within this row's scope.",European vehicles sold under the Corolla name. E150/E180 Auris hatchbacks are not included in the Corolla model group.,"MEGAPARTS lists generation-level used parts for Corolla, Avensis, and RAV4. Toyota held about 5.3% of Bulgarian used-vehicle registrations in 2025, while Japanese brands represented about 16% in total.",https://www.megaparts.bg/products/avtochasti/toyota/rav4-iii-suv,https://automedia.investor.bg/a/2-novini/63923-eto-nay-tarsenite-koli-na-staro-v-balgariya-prez-2025,Toyota 75 Years - official vehicle lineage,https://global.toyota/en/company/history-of-toyota/75years/vehicle_lineage/,P0,Launch core: high Bulgarian fleet or used-registration presence with clear generation-level local used-parts supply.,high,false,2026-09-07
toyota__corolla__corolla-x-european-sedan-scope__e140-e150,Toyota,Corolla,Corolla X (European sedan scope),E140/E150,2006,2013,"European market, year-level precision; where included body styles overlap, use the earliest start and latest end year within this row's scope.",European vehicles sold under the Corolla name. E150/E180 Auris hatchbacks are not included in the Corolla model group.,"MEGAPARTS lists generation-level used parts for Corolla, Avensis, and RAV4. Toyota held about 5.3% of Bulgarian used-vehicle registrations in 2025, while Japanese brands represented about 16% in total.",https://www.megaparts.bg/products/avtochasti/toyota/rav4-iii-suv,https://automedia.investor.bg/a/2-novini/63923-eto-nay-tarsenite-koli-na-staro-v-balgariya-prez-2025,Toyota 75 Years - official vehicle lineage,https://global.toyota/en/company/history-of-toyota/75years/vehicle_lineage/,P0,Launch core: high Bulgarian fleet or used-registration presence with clear generation-level local used-parts supply.,medium,true,2026-09-07
toyota__corolla__corolla-xi-european-sedan-scope__e170-e180,Toyota,Corolla,Corolla XI (European sedan scope),E170/E180,2013,2019,"European market, year-level precision; where included body styles overlap, use the earliest start and latest end year within this row's scope.",European vehicles sold under the Corolla name. E150/E180 Auris hatchbacks are not included in the Corolla model group.,"MEGAPARTS lists generation-level used parts for Corolla, Avensis, and RAV4. Toyota held about 5.3% of Bulgarian used-vehicle registrations in 2025, while Japanese brands represented about 16% in total.",https://www.megaparts.bg/products/avtochasti/toyota/rav4-iii-suv,https://automedia.investor.bg/a/2-novini/63923-eto-nay-tarsenite-koli-na-staro-v-balgariya-prez-2025,Toyota 75 Years - official vehicle lineage,https://global.toyota/en/company/history-of-toyota/75years/vehicle_lineage/,P0,Launch core: high Bulgarian fleet or used-registration presence with clear generation-level local used-parts supply.,medium,true,2026-09-07
toyota__avensis__avensis-i__t22,Toyota,Avensis,Avensis I,T22,1997,2003,"European market, year-level precision; where included body styles overlap, use the earliest start and latest end year within this row's scope.","European Avensis. Match sedan, liftback, and estate by body code.","MEGAPARTS lists generation-level used parts for Corolla, Avensis, and RAV4. Toyota held about 5.3% of Bulgarian used-vehicle registrations in 2025, while Japanese brands represented about 16% in total.",https://www.megaparts.bg/products/avtochasti/toyota/rav4-iii-suv,https://automedia.investor.bg/a/2-novini/63923-eto-nay-tarsenite-koli-na-staro-v-balgariya-prez-2025,Toyota 75 Years - official vehicle lineage,https://global.toyota/en/company/history-of-toyota/75years/vehicle_lineage/,P2,"Low-priority retention: older generation, thinner supply, or a naming/body boundary that should be validated against local inventory.",high,false,2026-09-07
toyota__avensis__avensis-ii__t25,Toyota,Avensis,Avensis II,T25,2003,2009,"European market, year-level precision; where included body styles overlap, use the earliest start and latest end year within this row's scope.","European Avensis. Match sedan, liftback, and estate by body code.","MEGAPARTS lists generation-level used parts for Corolla, Avensis, and RAV4. Toyota held about 5.3% of Bulgarian used-vehicle registrations in 2025, while Japanese brands represented about 16% in total.",https://www.megaparts.bg/products/avtochasti/toyota/rav4-iii-suv,https://automedia.investor.bg/a/2-novini/63923-eto-nay-tarsenite-koli-na-staro-v-balgariya-prez-2025,Toyota 75 Years - official vehicle lineage,https://global.toyota/en/company/history-of-toyota/75years/vehicle_lineage/,P1,"Include in v1: stable local used-parts supply or fleet presence, but rank below the highest-volume core models.",high,false,2026-09-07
toyota__avensis__avensis-iii__t27,Toyota,Avensis,Avensis III,T27,2008,2018,"European market, year-level precision; where included body styles overlap, use the earliest start and latest end year within this row's scope.","European Avensis. Match sedan, liftback, and estate by body code.","MEGAPARTS lists generation-level used parts for Corolla, Avensis, and RAV4. Toyota held about 5.3% of Bulgarian used-vehicle registrations in 2025, while Japanese brands represented about 16% in total.",https://www.megaparts.bg/products/avtochasti/toyota/rav4-iii-suv,https://automedia.investor.bg/a/2-novini/63923-eto-nay-tarsenite-koli-na-staro-v-balgariya-prez-2025,Toyota 75 Years - official vehicle lineage,https://global.toyota/en/company/history-of-toyota/75years/vehicle_lineage/,P1,"Include in v1: stable local used-parts supply or fleet presence, but rank below the highest-volume core models.",high,false,2026-09-07
toyota__rav4__rav4-ii__xa20,Toyota,RAV4,RAV4 II,XA20,2000,2005,"European market, year-level precision; where included body styles overlap, use the earliest start and latest end year within this row's scope.","European RAV4. Wheelbase, 2WD/4WD, and powertrain configuration require additional fitment fields.","MEGAPARTS lists generation-level used parts for Corolla, Avensis, and RAV4. Toyota held about 5.3% of Bulgarian used-vehicle registrations in 2025, while Japanese brands represented about 16% in total.",https://www.megaparts.bg/products/avtochasti/toyota/rav4-iii-suv,https://automedia.investor.bg/a/2-novini/63923-eto-nay-tarsenite-koli-na-staro-v-balgariya-prez-2025,Toyota 75 Years - official vehicle lineage,https://global.toyota/en/company/history-of-toyota/75years/vehicle_lineage/,P1,"Include in v1: stable local used-parts supply or fleet presence, but rank below the highest-volume core models.",high,false,2026-09-07
toyota__rav4__rav4-iii__xa30,Toyota,RAV4,RAV4 III,XA30,2005,2012,"European market, year-level precision; where included body styles overlap, use the earliest start and latest end year within this row's scope.","European RAV4. Wheelbase, 2WD/4WD, and powertrain configuration require additional fitment fields.","MEGAPARTS lists generation-level used parts for Corolla, Avensis, and RAV4. Toyota held about 5.3% of Bulgarian used-vehicle registrations in 2025, while Japanese brands represented about 16% in total.",https://www.megaparts.bg/products/avtochasti/toyota/rav4-iii-suv,https://automedia.investor.bg/a/2-novini/63923-eto-nay-tarsenite-koli-na-staro-v-balgariya-prez-2025,Toyota 75 Years - official vehicle lineage,https://global.toyota/en/company/history-of-toyota/75years/vehicle_lineage/,P0,Launch core: high Bulgarian fleet or used-registration presence with clear generation-level local used-parts supply.,high,false,2026-09-07
toyota__rav4__rav4-iv__xa40,Toyota,RAV4,RAV4 IV,XA40,2012,2018,"European market, year-level precision; where included body styles overlap, use the earliest start and latest end year within this row's scope.","European RAV4. Wheelbase, 2WD/4WD, and powertrain configuration require additional fitment fields.","MEGAPARTS lists generation-level used parts for Corolla, Avensis, and RAV4. Toyota held about 5.3% of Bulgarian used-vehicle registrations in 2025, while Japanese brands represented about 16% in total.",https://www.megaparts.bg/products/avtochasti/toyota/rav4-iii-suv,https://automedia.investor.bg/a/2-novini/63923-eto-nay-tarsenite-koli-na-staro-v-balgariya-prez-2025,Toyota 75 Years - official vehicle lineage,https://global.toyota/en/company/history-of-toyota/75years/vehicle_lineage/,P0,Launch core: high Bulgarian fleet or used-registration presence with clear generation-level local used-parts supply.,high,false,2026-09-07
honda__civic__civic-vii__eu-ep-es-em,Honda,Civic,Civic VII,EU/EP/ES/EM,2000,2005,"European market, year-level precision; where included body styles overlap, use the earliest start and latest end year within this row's scope.",European hatchback and sedan families for generations VIII and IX are intentionally separated. Do not cross-match by Civic generation alone.,"MEGAPARTS lists generation-level used parts for Civic and CR-V. Japanese brands represented about 16% of Bulgarian used-vehicle registrations in 2025, and CR-V appears in the local popular-model context.",https://www.megaparts.bg/products/avtochasti/honda/cr-v-i-suv,https://automedia.investor.bg/a/2-novini/63923-eto-nay-tarsenite-koli-na-staro-v-balgariya-prez-2025,Honda Global Heritage - official model archive,https://global.honda/en/heritage/,P2,"Low-priority retention: older generation, thinner supply, or a naming/body boundary that should be validated against local inventory.",medium,false,2026-09-07
honda__civic__civic-viii-european-hatch__fk-fn,Honda,Civic,Civic VIII - European hatch,FK/FN,2005,2011,"European market, year-level precision; where included body styles overlap, use the earliest start and latest end year within this row's scope.",European hatchback and sedan families for generations VIII and IX are intentionally separated. Do not cross-match by Civic generation alone.,"MEGAPARTS lists generation-level used parts for Civic and CR-V. Japanese brands represented about 16% of Bulgarian used-vehicle registrations in 2025, and CR-V appears in the local popular-model context.",https://www.megaparts.bg/products/avtochasti/honda/cr-v-i-suv,https://automedia.investor.bg/a/2-novini/63923-eto-nay-tarsenite-koli-na-staro-v-balgariya-prez-2025,Honda Global Heritage - official model archive,https://global.honda/en/heritage/,P1,"Include in v1: stable local used-parts supply or fleet presence, but rank below the highest-volume core models.",medium,true,2026-09-07
honda__civic__civic-viii-sedan__fd-fa,Honda,Civic,Civic VIII - sedan,FD/FA,2005,2012,"European market, year-level precision; where included body styles overlap, use the earliest start and latest end year within this row's scope.",European hatchback and sedan families for generations VIII and IX are intentionally separated. Do not cross-match by Civic generation alone.,"MEGAPARTS lists generation-level used parts for Civic and CR-V. Japanese brands represented about 16% of Bulgarian used-vehicle registrations in 2025, and CR-V appears in the local popular-model context.",https://www.megaparts.bg/products/avtochasti/honda/cr-v-i-suv,https://automedia.investor.bg/a/2-novini/63923-eto-nay-tarsenite-koli-na-staro-v-balgariya-prez-2025,Honda Global Heritage - official model archive,https://global.honda/en/heritage/,P1,"Include in v1: stable local used-parts supply or fleet presence, but rank below the highest-volume core models.",medium,true,2026-09-07
honda__civic__civic-ix-european-hatch__fk,Honda,Civic,Civic IX - European hatch,FK,2011,2017,"European market, year-level precision; where included body styles overlap, use the earliest start and latest end year within this row's scope.",European hatchback and sedan families for generations VIII and IX are intentionally separated. Do not cross-match by Civic generation alone.,"MEGAPARTS lists generation-level used parts for Civic and CR-V. Japanese brands represented about 16% of Bulgarian used-vehicle registrations in 2025, and CR-V appears in the local popular-model context.",https://www.megaparts.bg/products/avtochasti/honda/cr-v-i-suv,https://automedia.investor.bg/a/2-novini/63923-eto-nay-tarsenite-koli-na-staro-v-balgariya-prez-2025,Honda Global Heritage - official model archive,https://global.honda/en/heritage/,P1,"Include in v1: stable local used-parts supply or fleet presence, but rank below the highest-volume core models.",medium,true,2026-09-07
honda__civic__civic-ix-sedan__fb,Honda,Civic,Civic IX - sedan,FB,2011,2016,"European market, year-level precision; where included body styles overlap, use the earliest start and latest end year within this row's scope.",European hatchback and sedan families for generations VIII and IX are intentionally separated. Do not cross-match by Civic generation alone.,"MEGAPARTS lists generation-level used parts for Civic and CR-V. Japanese brands represented about 16% of Bulgarian used-vehicle registrations in 2025, and CR-V appears in the local popular-model context.",https://www.megaparts.bg/products/avtochasti/honda/cr-v-i-suv,https://automedia.investor.bg/a/2-novini/63923-eto-nay-tarsenite-koli-na-staro-v-balgariya-prez-2025,Honda Global Heritage - official model archive,https://global.honda/en/heritage/,P1,"Include in v1: stable local used-parts supply or fleet presence, but rank below the highest-volume core models.",medium,true,2026-09-07
honda__cr-v__cr-v-ii__rd4-rd9,Honda,CR-V,CR-V II,RD4-RD9,2001,2006,"European market, year-level precision; where included body styles overlap, use the earliest start and latest end year within this row's scope.","European CR-V. Petrol/diesel, 2WD/4WD, and facelift details still require OE-number or VIN matching.","MEGAPARTS lists generation-level used parts for Civic and CR-V. Japanese brands represented about 16% of Bulgarian used-vehicle registrations in 2025, and CR-V appears in the local popular-model context.",https://www.megaparts.bg/products/avtochasti/honda/cr-v-i-suv,https://automedia.investor.bg/a/2-novini/63923-eto-nay-tarsenite-koli-na-staro-v-balgariya-prez-2025,Honda Global Heritage - official model archive,https://global.honda/en/heritage/,P1,"Include in v1: stable local used-parts supply or fleet presence, but rank below the highest-volume core models.",high,false,2026-09-07
honda__cr-v__cr-v-iii__re3-re7,Honda,CR-V,CR-V III,RE3-RE7,2006,2012,"European market, year-level precision; where included body styles overlap, use the earliest start and latest end year within this row's scope.","European CR-V. Petrol/diesel, 2WD/4WD, and facelift details still require OE-number or VIN matching.","MEGAPARTS lists generation-level used parts for Civic and CR-V. Japanese brands represented about 16% of Bulgarian used-vehicle registrations in 2025, and CR-V appears in the local popular-model context.",https://www.megaparts.bg/products/avtochasti/honda/cr-v-i-suv,https://automedia.investor.bg/a/2-novini/63923-eto-nay-tarsenite-koli-na-staro-v-balgariya-prez-2025,Honda Global Heritage - official model archive,https://global.honda/en/heritage/,P1,"Include in v1: stable local used-parts supply or fleet presence, but rank below the highest-volume core models.",high,false,2026-09-07
honda__cr-v__cr-v-iv__rm1-rm4,Honda,CR-V,CR-V IV,RM1-RM4,2011,2018,"European market, year-level precision; where included body styles overlap, use the earliest start and latest end year within this row's scope.","European CR-V. Petrol/diesel, 2WD/4WD, and facelift details still require OE-number or VIN matching.","MEGAPARTS lists generation-level used parts for Civic and CR-V. Japanese brands represented about 16% of Bulgarian used-vehicle registrations in 2025, and CR-V appears in the local popular-model context.",https://www.megaparts.bg/products/avtochasti/honda/cr-v-i-suv,https://automedia.investor.bg/a/2-novini/63923-eto-nay-tarsenite-koli-na-staro-v-balgariya-prez-2025,Honda Global Heritage - official model archive,https://global.honda/en/heritage/,P1,"Include in v1: stable local used-parts supply or fleet presence, but rank below the highest-volume core models.",high,false,2026-09-07
fiat__punto__punto-ii__188,Fiat,Punto,Punto II,188,1999,2012,"European market, year-level precision; where included body styles overlap, use the earliest start and latest end year within this row's scope.","Punto II and type 199 are separate. Grande Punto, Punto Evo, and later Punto are rename/facelift stages within the type 199 lineage.","MEGAPARTS lists generation-level used parts for Punto, Panda, and Doblo. Fiat is in the top ten brands in the MVR-derived Bulgarian fleet data.",https://www.megaparts.bg/products/avtochasti/fiat/doblo-platform,https://www.pariteni.bg/novini/transport/koi-sa-naj-predpochitanite-marki-koli-u-nas-253893,FCA Heritage - official Fiat archive,https://www.fcaheritage.com/en-uk/heritage,P1,"Include in v1: stable local used-parts supply or fleet presence, but rank below the highest-volume core models.",high,false,2026-09-07
fiat__punto__grande-punto-punto-evo-punto__199,Fiat,Punto,Grande Punto / Punto Evo / Punto,199,2005,2018,"European market, year-level precision; where included body styles overlap, use the earliest start and latest end year within this row's scope.","Punto II and type 199 are separate. Grande Punto, Punto Evo, and later Punto are rename/facelift stages within the type 199 lineage.","MEGAPARTS lists generation-level used parts for Punto, Panda, and Doblo. Fiat is in the top ten brands in the MVR-derived Bulgarian fleet data.",https://www.megaparts.bg/products/avtochasti/fiat/doblo-platform,https://www.pariteni.bg/novini/transport/koi-sa-naj-predpochitanite-marki-koli-u-nas-253893,FCA Heritage - official Fiat archive,https://www.fcaheritage.com/en-uk/heritage,P1,"Include in v1: stable local used-parts supply or fleet presence, but rank below the highest-volume core models.",medium,true,2026-09-07
fiat__panda__panda-ii__169,Fiat,Panda,Panda II,169,2003,2012,"European market, year-level precision; where included body styles overlap, use the earliest start and latest end year within this row's scope.",Panda II/type 169 only. Match 4x4 and standard-model chassis and drivetrain parts separately.,"MEGAPARTS lists generation-level used parts for Punto, Panda, and Doblo. Fiat is in the top ten brands in the MVR-derived Bulgarian fleet data.",https://www.megaparts.bg/products/avtochasti/fiat/doblo-platform,https://www.pariteni.bg/novini/transport/koi-sa-naj-predpochitanite-marki-koli-u-nas-253893,FCA Heritage - official Fiat archive,https://www.fcaheritage.com/en-uk/heritage,P1,"Include in v1: stable local used-parts supply or fleet presence, but rank below the highest-volume core models.",high,false,2026-09-07
fiat__doblo__doblo-i__223,Fiat,Doblo,Doblo I,223,2000,2010,"European market, year-level precision; where included body styles overlap, use the earliest start and latest end year within this row's scope.","Passenger/cargo, short/long wheelbase, and rear-door configuration require separate variant fitment.","MEGAPARTS lists generation-level used parts for Punto, Panda, and Doblo. Fiat is in the top ten brands in the MVR-derived Bulgarian fleet data.",https://www.megaparts.bg/products/avtochasti/fiat/doblo-platform,https://www.pariteni.bg/novini/transport/koi-sa-naj-predpochitanite-marki-koli-u-nas-253893,Fiat/Stellantis Media - official model archive,https://www.media.stellantis.com/em-en/fiat,P2,"Low-priority retention: older generation, thinner supply, or a naming/body boundary that should be validated against local inventory.",high,false,2026-09-07
fiat__doblo__doblo-ii__263,Fiat,Doblo,Doblo II,263,2009,2022,"European market, year-level precision; where included body styles overlap, use the earliest start and latest end year within this row's scope.","Passenger/cargo, short/long wheelbase, and rear-door configuration require separate variant fitment.","MEGAPARTS lists generation-level used parts for Punto, Panda, and Doblo. Fiat is in the top ten brands in the MVR-derived Bulgarian fleet data.",https://www.megaparts.bg/products/avtochasti/fiat/doblo-platform,https://www.pariteni.bg/novini/transport/koi-sa-naj-predpochitanite-marki-koli-u-nas-253893,Fiat/Stellantis Media - official model archive,https://www.media.stellantis.com/em-en/fiat,P1,"Include in v1: stable local used-parts supply or fleet presence, but rank below the highest-volume core models.",high,false,2026-09-07
nissan__qashqai__qashqai-i__j10,Nissan,Qashqai,Qashqai I,J10,2006,2013,"European market, year-level precision; where included body styles overlap, use the earliest start and latest end year within this row's scope.",European Qashqai. Store the J10 Qashqai+2 as a long-wheelbase seven-seat variant; do not assume body-part compatibility.,"MEGAPARTS lists generation-level used parts for Qashqai, X-Trail, and Micra. Japanese brands represented about 16% of Bulgarian used-vehicle registrations in 2025, and these SUV generations are directly searchable in the local parts catalogue.",https://www.megaparts.bg/products/avtochasti/nissan/murano-i-suv,https://automedia.investor.bg/a/2-novini/63923-eto-nay-tarsenite-koli-na-staro-v-balgariya-prez-2025,Nissan Heritage Collection - official model archive,https://www.nissan-global.com/EN/HERITAGE_COLLECTION/,P1,"Include in v1: stable local used-parts supply or fleet presence, but rank below the highest-volume core models.",high,false,2026-09-07
nissan__qashqai__qashqai-ii__j11,Nissan,Qashqai,Qashqai II,J11,2013,2021,"European market, year-level precision; where included body styles overlap, use the earliest start and latest end year within this row's scope.",European Qashqai. Store the J10 Qashqai+2 as a long-wheelbase seven-seat variant; do not assume body-part compatibility.,"MEGAPARTS lists generation-level used parts for Qashqai, X-Trail, and Micra. Japanese brands represented about 16% of Bulgarian used-vehicle registrations in 2025, and these SUV generations are directly searchable in the local parts catalogue.",https://www.megaparts.bg/products/avtochasti/nissan/murano-i-suv,https://automedia.investor.bg/a/2-novini/63923-eto-nay-tarsenite-koli-na-staro-v-balgariya-prez-2025,Nissan Heritage Collection - official model archive,https://www.nissan-global.com/EN/HERITAGE_COLLECTION/,P1,"Include in v1: stable local used-parts supply or fleet presence, but rank below the highest-volume core models.",high,false,2026-09-07
nissan__x-trail__x-trail-i__t30,Nissan,X-Trail,X-Trail I,T30,2000,2007,"European market, year-level precision; where included body styles overlap, use the earliest start and latest end year within this row's scope.","European X-Trail. 2WD/4WD, seat count, and facelift require additional fitment fields.","MEGAPARTS lists generation-level used parts for Qashqai, X-Trail, and Micra. Japanese brands represented about 16% of Bulgarian used-vehicle registrations in 2025, and these SUV generations are directly searchable in the local parts catalogue.",https://www.megaparts.bg/products/avtochasti/nissan/murano-i-suv,https://automedia.investor.bg/a/2-novini/63923-eto-nay-tarsenite-koli-na-staro-v-balgariya-prez-2025,Nissan Heritage Collection - official model archive,https://www.nissan-global.com/EN/HERITAGE_COLLECTION/,P1,"Include in v1: stable local used-parts supply or fleet presence, but rank below the highest-volume core models.",high,false,2026-09-07
nissan__x-trail__x-trail-ii__t31,Nissan,X-Trail,X-Trail II,T31,2007,2013,"European market, year-level precision; where included body styles overlap, use the earliest start and latest end year within this row's scope.","European X-Trail. 2WD/4WD, seat count, and facelift require additional fitment fields.","MEGAPARTS lists generation-level used parts for Qashqai, X-Trail, and Micra. Japanese brands represented about 16% of Bulgarian used-vehicle registrations in 2025, and these SUV generations are directly searchable in the local parts catalogue.",https://www.megaparts.bg/products/avtochasti/nissan/murano-i-suv,https://automedia.investor.bg/a/2-novini/63923-eto-nay-tarsenite-koli-na-staro-v-balgariya-prez-2025,Nissan Heritage Collection - official model archive,https://www.nissan-global.com/EN/HERITAGE_COLLECTION/,P1,"Include in v1: stable local used-parts supply or fleet presence, but rank below the highest-volume core models.",high,false,2026-09-07
nissan__x-trail__x-trail-iii__t32,Nissan,X-Trail,X-Trail III,T32,2013,2022,"European market, year-level precision; where included body styles overlap, use the earliest start and latest end year within this row's scope.","European X-Trail. 2WD/4WD, seat count, and facelift require additional fitment fields.","MEGAPARTS lists generation-level used parts for Qashqai, X-Trail, and Micra. Japanese brands represented about 16% of Bulgarian used-vehicle registrations in 2025, and these SUV generations are directly searchable in the local parts catalogue.",https://www.megaparts.bg/products/avtochasti/nissan/murano-i-suv,https://automedia.investor.bg/a/2-novini/63923-eto-nay-tarsenite-koli-na-staro-v-balgariya-prez-2025,Nissan Heritage Collection - official model archive,https://www.nissan-global.com/EN/HERITAGE_COLLECTION/,P1,"Include in v1: stable local used-parts supply or fleet presence, but rank below the highest-volume core models.",high,false,2026-09-07
nissan__micra__micra-iii__k12,Nissan,Micra,Micra III,K12,2002,2010,"European market, year-level precision; where included body styles overlap, use the earliest start and latest end year within this row's scope.",European Micra hatchback. Regional sedans and other market-specific variants are excluded.,"MEGAPARTS lists generation-level used parts for Qashqai, X-Trail, and Micra. Japanese brands represented about 16% of Bulgarian used-vehicle registrations in 2025, and these SUV generations are directly searchable in the local parts catalogue.",https://www.megaparts.bg/products/avtochasti/nissan/murano-i-suv,https://automedia.investor.bg/a/2-novini/63923-eto-nay-tarsenite-koli-na-staro-v-balgariya-prez-2025,Nissan Heritage Collection - official model archive,https://www.nissan-global.com/EN/HERITAGE_COLLECTION/,P1,"Include in v1: stable local used-parts supply or fleet presence, but rank below the highest-volume core models.",high,false,2026-09-07
nissan__micra__micra-iv__k13,Nissan,Micra,Micra IV,K13,2010,2017,"European market, year-level precision; where included body styles overlap, use the earliest start and latest end year within this row's scope.",European Micra hatchback. Regional sedans and other market-specific variants are excluded.,"MEGAPARTS lists generation-level used parts for Qashqai, X-Trail, and Micra. Japanese brands represented about 16% of Bulgarian used-vehicle registrations in 2025, and these SUV generations are directly searchable in the local parts catalogue.",https://www.megaparts.bg/products/avtochasti/nissan/murano-i-suv,https://automedia.investor.bg/a/2-novini/63923-eto-nay-tarsenite-koli-na-staro-v-balgariya-prez-2025,Nissan Heritage Collection - official model archive,https://www.nissan-global.com/EN/HERITAGE_COLLECTION/,P2,"Low-priority retention: older generation, thinner supply, or a naming/body boundary that should be validated against local inventory.",high,false,2026-09-07
